"module","state","agent","prepared_query","correct_sop","sop_type"
C:空き率,障害状態,DIARY20,識別子「diningmanner」の場合、モジュールは「C:空き率」とエージェントは「DIARY20 またはすべて」と障害状態は「障害状態」であればページ取得してください。,http://origin1/projects/diningmanner-op/wiki/Disk_usage,incorrect
D:空き率,障害状態,DIARY20,識別子「diningmanner」の場合、モジュールは「D:空き率」とエージェントは「DIARY20 またはすべて」と障害状態は「障害状態」であればページ取得してください。,http://origin1/projects/diningmanner-op/wiki/Disk_usage,incorrect
Instance Maintenance Events,障害状態,DIARY20,識別子「diningmanner」の場合、モジュールは「Instance Maintenance Events」とエージェントは「DIARY20 またはすべて」と障害状態は「障害状態」であればページ取得してください。,http://origin1/projects/diningmanner-op/wiki/Instance_events,incorrect
Active Directory Web Servicesの状態,障害状態,DMN-AD01,識別子「diningmanner」の場合、モジュールは「Active Directory Web Servicesの状態」とエージェントは「DMN-AD01 またはすべて」と障害状態は「障害状態」であればページ取得してください。,http://origin1/projects/diningmanner-op/wiki/Ad_windows_service,incorrect
DFS Namespaceの状態,障害状態,DMN-AD01,識別子「diningmanner」の場合、モジュールは「DFS Namespaceの状態」とエージェントは「DMN-AD01 またはすべて」と障害状態は「障害状態」であればページ取得してください。,http://origin1/projects/diningmanner-op/wiki/Ad_windows_service,incorrect
DFS Replicationの状態,障害状態,DMN-AD01,識別子「diningmanner」の場合、モジュールは「DFS Replicationの状態」とエージェントは「DMN-AD01 またはすべて」と障害状態は「障害状態」であればページ取得してください。,http://origin1/projects/diningmanner-op/wiki/Ad_windows_service,incorrect
DNS Serverの状態,障害状態,DMN-AD01,識別子「diningmanner」の場合、モジュールは「DNS Serverの状態」とエージェントは「DMN-AD01 またはすべて」と障害状態は「障害状態」であればページ取得してください。,http://origin1/projects/diningmanner-op/wiki/Ad_windows_service,incorrect
Intersite Messagingの状態,障害状態,DMN-AD01,識別子「diningmanner」の場合、モジュールは「Intersite Messagingの状態」とエージェントは「DMN-AD01 またはすべて」と障害状態は「障害状態」であればページ取得してください。,http://origin1/projects/diningmanner-op/wiki/Ad_windows_service,incorrect
Kerberos Key Distribution Centerの状態,障害状態,DMN-AD01,識別子「diningmanner」の場合、モジュールは「Kerberos Key Distribution Centerの状態」とエージェントは「DMN-AD01 またはすべて」と障害状態は「障害状態」であればページ取得してください。,http://origin1/projects/diningmanner-op/wiki/Ad_windows_service,incorrect
Netlogonの状態,障害状態,DMN-AD01,識別子「diningmanner」の場合、モジュールは「Netlogonの状態」とエージェントは「DMN-AD01 またはすべて」と障害状態は「障害状態」であればページ取得してください。,http://origin1/projects/diningmanner-op/wiki/Ad_windows_service,incorrect
Serverの状態,障害状態,DMN-AD01,識別子「diningmanner」の場合、モジュールは「Serverの状態」とエージェントは「DMN-AD01 またはすべて」と障害状態は「障害状態」であればページ取得してください。,http://origin1/projects/diningmanner-op/wiki/Ad_windows_service,incorrect
Windows Timeの状態,障害状態,DMN-AD01,識別子「diningmanner」の場合、モジュールは「Windows Timeの状態」とエージェントは「DMN-AD01 またはすべて」と障害状態は「障害状態」であればページ取得してください。,http://origin1/projects/diningmanner-op/wiki/Ad_windows_service,incorrect
Workstationの状態,障害状態,DMN-AD01,識別子「diningmanner」の場合、モジュールは「Workstationの状態」とエージェントは「DMN-AD01 またはすべて」と障害状態は「障害状態」であればページ取得してください。,http://origin1/projects/diningmanner-op/wiki/Ad_windows_service,incorrect
Instance Status Check,障害状態,CRM,識別子「diningmanner」の場合、モジュールは「Instance Status Check」とエージェントは「CRM またはすべて」と障害状態は「障害状態」であればページ取得してください。,http://origin1/projects/diningmanner-op/wiki/Instance_status_check_critical,incorrect
Ping疎通,障害状態,Fortigate,識別子「diningmanner」の場合、モジュールは「Ping疎通」とエージェントは「Fortigate またはすべて」と障害状態は「障害状態」であればページ取得してください。,http://origin1/projects/diningmanner-op/wiki/Ping%E7%96%8E%E9%80%9A,incorrect
Instance Events,障害状態,redmine,識別子「diningmanner」の場合、モジュールは「Instance Events」とエージェントは「redmine またはすべて」と障害状態は「障害状態」であればページ取得してください。,http://origin1/projects/diningmanner-op/wiki/Instance_events,incorrect
Instance Status Check,障害状態,redmine,識別子「diningmanner」の場合、モジュールは「Instance Status Check」とエージェントは「redmine またはすべて」と障害状態は「障害状態」であればページ取得してください。,http://origin1/projects/diningmanner-op/wiki/Instance_status_check_critical,incorrect
Instance Status Check,警告状態,redmine,識別子「diningmanner」の場合、モジュールは「Instance Status Check」とエージェントは「redmine またはすべて」と障害状態は「警告状態」であればページ取得してください。,http://origin1/projects/diningmanner-op/wiki/Instance_status_check_warning,incorrect
httpdプロセス数,障害状態,redmine,識別子「diningmanner」の場合、モジュールは「httpdプロセス数」とエージェントは「redmine またはすべて」と障害状態は「障害状態」であればページ取得してください。,http://origin1/projects/diningmanner-op/wiki/Httpd_process,incorrect
ディスクinode使用率(/),障害状態,redmine,識別子「diningmanner」の場合、モジュールは「ディスクinode使用率(/)」とエージェントは「redmine またはすべて」と障害状態は「障害状態」であればページ取得してください。,http://origin1/projects/diningmanner-op/wiki/Disk_usage,incorrect
ディスク使用率(/),障害状態,redmine,識別子「diningmanner」の場合、モジュールは「ディスク使用率(/)」とエージェントは「redmine またはすべて」と障害状態は「障害状態」であればページ取得してください。,http://origin1/projects/diningmanner-op/wiki/Disk_usage,incorrect
mysqldプロセス数,障害状態,redmine,識別子「diningmanner」の場合、モジュールは「mysqldプロセス数」とエージェントは「redmine またはすべて」と障害状態は「障害状態」であればページ取得してください。,http://origin1/projects/diningmanner-op/wiki/Mysqld_process,incorrect
システム稼働時間,障害状態,redmine,識別子「diningmanner」の場合、モジュールは「システム稼働時間」とエージェントは「redmine またはすべて」と障害状態は「障害状態」であればページ取得してください。,http://origin1/projects/diningmanner-op/wiki/System_reboot,incorrect
https://redmine.diningmanner.com/,障害状態,redmine.diningmanner.com,識別子「diningmanner」の場合、モジュールは「https://redmine.diningmanner.com/」とエージェントは「redmine.diningmanner.com またはすべて」と障害状態は「障害状態」であればページ取得してください。,http://origin1/projects/diningmanner-op/wiki/Url_responcetime_redmine,incorrect
C:空き率,障害状態,MUTTONMANAGER,識別子「diningmanner」の場合、モジュールは「C:空き率」とエージェントは「MUTTONMANAGER またはすべて」と障害状態は「障害状態」であればページ取得してください。,http://origin1/projects/diningmanner-op/wiki/Disk_usage,incorrect
Instance Maintenance Events,障害状態,MUTTONMANAGER,識別子「diningmanner」の場合、モジュールは「Instance Maintenance Events」とエージェントは「MUTTONMANAGER またはすべて」と障害状態は「障害状態」であればページ取得してください。,http://origin1/projects/diningmanner-op/wiki/Instance_events,incorrect
Instance Status Check,障害状態,MUTTONMANAGER,識別子「diningmanner」の場合、モジュールは「Instance Status Check」とエージェントは「MUTTONMANAGER またはすべて」と障害状態は「障害状態」であればページ取得してください。,http://origin1/projects/diningmanner-op/wiki/Instance_status_check_critical,incorrect
MUTTON Patron Spin - Asset Snapshot Service の状態,障害状態,MUTTONMANAGER,識別子「diningmanner」の場合、モジュールは「MUTTON Patron Spin - Asset Snapshot Service の状態」とエージェントは「MUTTONMANAGER またはすべて」と障害状態は「障害状態」であればページ取得してください。,http://origin1/projects/diningmanner-op/wiki/Mutton_windows_service,incorrect
MUTTON Patron Spin - CabMgr Server - の状態,障害状態,MUTTONMANAGER,識別子「diningmanner」の場合、モジュールは「MUTTON Patron Spin - CabMgr Server - の状態」とエージェントは「MUTTONMANAGER またはすべて」と障害状態は「障害状態」であればページ取得してください。,http://origin1/projects/diningmanner-op/wiki/Mutton_windows_service,incorrect
MUTTON Patron Spin - Compact Service の状態,障害状態,MUTTONMANAGER,識別子「diningmanner」の場合、モジュールは「MUTTON Patron Spin - Compact Service の状態」とエージェントは「MUTTONMANAGER またはすべて」と障害状態は「障害状態」であればページ取得してください。,http://origin1/projects/diningmanner-op/wiki/Mutton_windows_service,incorrect
MUTTON Patron Spin - DataDispatchService - の状態,障害状態,MUTTONMANAGER,識別子「diningmanner」の場合、モジュールは「MUTTON Patron Spin - DataDispatchService - の状態」とエージェントは「MUTTONMANAGER またはすべて」と障害状態は「障害状態」であればページ取得してください。,http://origin1/projects/diningmanner-op/wiki/Mutton_windows_service,incorrect
MUTTON Patron Spin - Eventlog Server Service - の状態,障害状態,MUTTONMANAGER,識別子「diningmanner」の場合、モジュールは「MUTTON Patron Spin - Eventlog Server Service - の状態」とエージェントは「MUTTONMANAGER またはすべて」と障害状態は「障害状態」であればページ取得してください。,http://origin1/projects/diningmanner-op/wiki/Mutton_windows_service,incorrect
MUTTON Patron Spin - LogAgrt Server - の状態,障害状態,MUTTONMANAGER,識別子「diningmanner」の場合、モジュールは「MUTTON Patron Spin - LogAgrt Server - の状態」とエージェントは「MUTTONMANAGER またはすべて」と障害状態は「障害状態」であればページ取得してください。,http://origin1/projects/diningmanner-op/wiki/Mutton_windows_service,incorrect
MUTTON Patron Spin - LogFastSearch Service - の状態,障害状態,MUTTONMANAGER,識別子「diningmanner」の場合、モジュールは「MUTTON Patron Spin - LogFastSearch Service - の状態」とエージェントは「MUTTONMANAGER またはすべて」と障害状態は「障害状態」であればページ取得してください。,http://origin1/projects/diningmanner-op/wiki/Mutton_windows_service,incorrect
MUTTON Patron Spin - LogWebRelayService - の状態,障害状態,MUTTONMANAGER,識別子「diningmanner」の場合、モジュールは「MUTTON Patron Spin - LogWebRelayService - の状態」とエージェントは「MUTTONMANAGER またはすべて」と障害状態は「障害状態」であればページ取得してください。,http://origin1/projects/diningmanner-op/wiki/Mutton_windows_service,incorrect
MUTTON Patron Spin - LogWebService - の状態,障害状態,MUTTONMANAGER,識別子「diningmanner」の場合、モジュールは「MUTTON Patron Spin - LogWebService - の状態」とエージェントは「MUTTONMANAGER またはすべて」と障害状態は「障害状態」であればページ取得してください。,http://origin1/projects/diningmanner-op/wiki/Mutton_windows_service,incorrect
MUTTON Patron Spin - MailLinkService - の状態,障害状態,MUTTONMANAGER,識別子「diningmanner」の場合、モジュールは「MUTTON Patron Spin - MailLinkService - の状態」とエージェントは「MUTTONMANAGER またはすべて」と障害状態は「障害状態」であればページ取得してください。,http://origin1/projects/diningmanner-op/wiki/Mutton_windows_service,incorrect
MUTTON Patron Spin - Master Server - の状態,障害状態,MUTTONMANAGER,識別子「diningmanner」の場合、モジュールは「MUTTON Patron Spin - Master Server - の状態」とエージェントは「MUTTONMANAGER またはすべて」と障害状態は「障害状態」であればページ取得してください。,http://origin1/projects/diningmanner-op/wiki/Mutton_windows_service,incorrect
MUTTON Patron Spin - NetDev Service - の状態,障害状態,MUTTONMANAGER,識別子「diningmanner」の場合、モジュールは「MUTTON Patron Spin - NetDev Service - の状態」とエージェントは「MUTTONMANAGER またはすべて」と障害状態は「障害状態」であればページ取得してください。,http://origin1/projects/diningmanner-op/wiki/Mutton_windows_service,incorrect
MUTTON Patron Spin - OvertimeWork Service の状態,障害状態,MUTTONMANAGER,識別子「diningmanner」の場合、モジュールは「MUTTON Patron Spin - OvertimeWork Service の状態」とエージェントは「MUTTONMANAGER またはすべて」と障害状態は「障害状態」であればページ取得してください。,http://origin1/projects/diningmanner-op/wiki/Mutton_windows_service,incorrect
MUTTON Patron Spin - Process Proxy Service - の状態,障害状態,MUTTONMANAGER,識別子「diningmanner」の場合、モジュールは「MUTTON Patron Spin - Process Proxy Service - の状態」とエージェントは「MUTTONMANAGER またはすべて」と障害状態は「障害状態」であればページ取得してください。,http://origin1/projects/diningmanner-op/wiki/Mutton_windows_service,incorrect
MUTTON Patron Spin - Report Generate Service の状態,障害状態,MUTTONMANAGER,識別子「diningmanner」の場合、モジュールは「MUTTON Patron Spin - Report Generate Service の状態」とエージェントは「MUTTONMANAGER またはすべて」と障害状態は「障害状態」であればページ取得してください。,http://origin1/projects/diningmanner-op/wiki/Mutton_windows_service,incorrect
MUTTON Patron Spin - Report Generate Service の状態,障害状態,MUTTONMANAGER,識別子「diningmanner」の場合、モジュールは「MUTTON Patron Spin - Report Generate Service の状態」とエージェントは「MUTTONMANAGER またはすべて」と障害状態は「障害状態」であればページ取得してください。,http://origin1/projects/diningmanner-op/wiki/Mutton_windows_service,incorrect
MUTTON Patron Spin - User Operation Trend Manage Server の状態,障害状態,MUTTONMANAGER,識別子「diningmanner」の場合、モジュールは「MUTTON Patron Spin - User Operation Trend Manage Server の状態」とエージェントは「MUTTONMANAGER またはすべて」と障害状態は「障害状態」であればページ取得してください。,http://origin1/projects/diningmanner-op/wiki/Mutton_windows_service,incorrect
MUTTON Patron Spin AstEx Server の状態,障害状態,MUTTONMANAGER,識別子「diningmanner」の場合、モジュールは「MUTTON Patron Spin AstEx Server の状態」とエージェントは「MUTTONMANAGER またはすべて」と障害状態は「障害状態」であればページ取得してください。,http://origin1/projects/diningmanner-op/wiki/Mutton_windows_service,incorrect
MUTTON Patron Spin Base Service の状態,障害状態,MUTTONMANAGER,識別子「diningmanner」の場合、モジュールは「MUTTON Patron Spin Base Service の状態」とエージェントは「MUTTONMANAGER またはすべて」と障害状態は「障害状態」であればページ取得してください。,http://origin1/projects/diningmanner-op/wiki/Mutton_windows_service,incorrect
MUTTON Patron Spin Desktop Record Server の状態,障害状態,MUTTONMANAGER,識別子「diningmanner」の場合、モジュールは「MUTTON Patron Spin Desktop Record Server の状態」とエージェントは「MUTTONMANAGER またはすべて」と障害状態は「障害状態」であればページ取得してください。,http://origin1/projects/diningmanner-op/wiki/Mutton_windows_service,incorrect
MUTTON Patron Spin Hsce Driver の状態,障害状態,MUTTONMANAGER,識別子「diningmanner」の場合、モジュールは「MUTTON Patron Spin Hsce Driver の状態」とエージェントは「MUTTONMANAGER またはすべて」と障害状態は「障害状態」であればページ取得してください。,http://origin1/projects/diningmanner-op/wiki/Mutton_windows_service,incorrect
MUTTON Patron Spin LogAgentService の状態,障害状態,MUTTONMANAGER,識別子「diningmanner」の場合、モジュールは「MUTTON Patron Spin LogAgentService の状態」とエージェントは「MUTTONMANAGER またはすべて」と障害状態は「障害状態」であればページ取得してください。,http://origin1/projects/diningmanner-op/wiki/Mutton_windows_service,incorrect
MUTTON Patron Spin LogServer の状態,障害状態,MUTTONMANAGER,識別子「diningmanner」の場合、モジュールは「MUTTON Patron Spin LogServer の状態」とエージェントは「MUTTONMANAGER またはすべて」と障害状態は「障害状態」であればページ取得してください。,http://origin1/projects/diningmanner-op/wiki/Mutton_windows_service,incorrect
SQL Server (MUTTONEXELIST) の状態,障害状態,MUTTONMANAGER,識別子「diningmanner」の場合、モジュールは「SQL Server (MUTTONEXELIST) の状態」とエージェントは「MUTTONMANAGER またはすべて」と障害状態は「障害状態」であればページ取得してください。,http://origin1/projects/diningmanner-op/wiki/Mutton_windows_service,incorrect
SQL Server (MUTTONMASTERSVR) の状態,障害状態,MUTTONMANAGER,識別子「diningmanner」の場合、モジュールは「SQL Server (MUTTONMASTERSVR) の状態」とエージェントは「MUTTONMANAGER またはすべて」と障害状態は「障害状態」であればページ取得してください。,http://origin1/projects/diningmanner-op/wiki/Mutton_windows_service,incorrect
SQL Server (MUTTONWEBSYSTEM) の状態,障害状態,MUTTONMANAGER,識別子「diningmanner」の場合、モジュールは「SQL Server (MUTTONWEBSYSTEM) の状態」とエージェントは「MUTTONMANAGER またはすべて」と障害状態は「障害状態」であればページ取得してください。,http://origin1/projects/diningmanner-op/wiki/Mutton_windows_service,incorrect
SQL Server (SQLEXPRESS) の状態,障害状態,MUTTONMANAGER,識別子「diningmanner」の場合、モジュールは「SQL Server (SQLEXPRESS) の状態」とエージェントは「MUTTONMANAGER またはすべて」と障害状態は「障害状態」であればページ取得してください。,http://origin1/projects/diningmanner-op/wiki/Mutton_windows_service,incorrect
SQL Server Browser の状態,障害状態,MUTTONMANAGER,識別子「diningmanner」の場合、モジュールは「SQL Server Browser の状態」とエージェントは「MUTTONMANAGER またはすべて」と障害状態は「障害状態」であればページ取得してください。,http://origin1/projects/diningmanner-op/wiki/Mutton_windows_service,incorrect
SQL Server Reporting Services (SQLEXPRESS) の状態,障害状態,MUTTONMANAGER,識別子「diningmanner」の場合、モジュールは「SQL Server Reporting Services (SQLEXPRESS) の状態」とエージェントは「MUTTONMANAGER またはすべて」と障害状態は「障害状態」であればページ取得してください。,http://origin1/projects/diningmanner-op/wiki/Mutton_windows_service,incorrect
SQL Server VSS Writer の状態,障害状態,MUTTONMANAGER,識別子「diningmanner」の場合、モジュールは「SQL Server VSS Writer の状態」とエージェントは「MUTTONMANAGER またはすべて」と障害状態は「障害状態」であればページ取得してください。,http://origin1/projects/diningmanner-op/wiki/Mutton_windows_service,incorrect
サービス Apache Tomcat 7.0 Tomcat7 の状態,障害状態,MUTTONMANAGER,識別子「diningmanner」の場合、モジュールは「サービス Apache Tomcat 7.0 Tomcat7 の状態」とエージェントは「MUTTONMANAGER またはすべて」と障害状態は「障害状態」であればページ取得してください。,http://origin1/projects/diningmanner-op/wiki/Mutton_windows_service,incorrect
chronydプロセス数,障害状態,muttonproxy,識別子「diningmanner」の場合、モジュールは「chronydプロセス数」とエージェントは「muttonproxy またはすべて」と障害状態は「障害状態」であればページ取得してください。,http://origin1/projects/diningmanner-op/wiki/Systemd_process,incorrect
crondプロセス数,障害状態,muttonproxy,識別子「diningmanner」の場合、モジュールは「crondプロセス数」とエージェントは「muttonproxy またはすべて」と障害状態は「障害状態」であればページ取得してください。,http://origin1/projects/diningmanner-op/wiki/Systemd_process,incorrect
httpdプロセス数,障害状態,muttonproxy,識別子「diningmanner」の場合、モジュールは「httpdプロセス数」とエージェントは「muttonproxy またはすべて」と障害状態は「障害状態」であればページ取得してください。,http://origin1/projects/diningmanner-op/wiki/Httpd_process,incorrect
Instance Maintenance Events,障害状態,muttonproxy,識別子「diningmanner」の場合、モジュールは「Instance Maintenance Events」とエージェントは「muttonproxy またはすべて」と障害状態は「障害状態」であればページ取得してください。,http://origin1/projects/diningmanner-op/wiki/Instance_events,incorrect
Instance Status Check,障害状態,muttonproxy,識別子「diningmanner」の場合、モジュールは「Instance Status Check」とエージェントは「muttonproxy またはすべて」と障害状態は「障害状態」であればページ取得してください。,http://origin1/projects/diningmanner-op/wiki/Instance_status_check_critical,incorrect
sshdプロセス数,障害状態,muttonproxy,識別子「diningmanner」の場合、モジュールは「sshdプロセス数」とエージェントは「muttonproxy またはすべて」と障害状態は「障害状態」であればページ取得してください。,http://origin1/projects/diningmanner-op/wiki/Sshd_process,incorrect
Instance Status Check,警告状態,muttonproxy,識別子「diningmanner」の場合、モジュールは「Instance Status Check」とエージェントは「muttonproxy またはすべて」と障害状態は「警告状態」であればページ取得してください。,http://origin1/projects/diningmanner-op/wiki/Instance_status_check_warning,incorrect
ディスク使用率(/),障害状態,muttonproxy,識別子「diningmanner」の場合、モジュールは「ディスク使用率(/)」とエージェントは「muttonproxy またはすべて」と障害状態は「障害状態」であればページ取得してください。,http://origin1/projects/diningmanner-op/wiki/Disk_usage,incorrect
Active Directory Domain Servicesの状態,障害状態,BOAT,識別子「diningmanner」の場合、モジュールは「Active Directory Domain Servicesの状態」とエージェントは「BOAT またはすべて」と障害状態は「障害状態」であればページ取得してください。,http://origin1/projects/diningmanner-op/wiki/Ad_windows_service,incorrect
Active Directory Web Servicesの状態,障害状態,BOAT,識別子「diningmanner」の場合、モジュールは「Active Directory Web Servicesの状態」とエージェントは「BOAT またはすべて」と障害状態は「障害状態」であればページ取得してください。,http://origin1/projects/diningmanner-op/wiki/Ad_windows_service,incorrect
C:空き率,障害状態,BOAT,識別子「diningmanner」の場合、モジュールは「C:空き率」とエージェントは「BOAT またはすべて」と障害状態は「障害状態」であればページ取得してください。,http://origin1/projects/diningmanner-op/wiki/Disk_usage,incorrect
DFS Namespaceの状態,障害状態,BOAT,識別子「diningmanner」の場合、モジュールは「DFS Namespaceの状態」とエージェントは「BOAT またはすべて」と障害状態は「障害状態」であればページ取得してください。,http://origin1/projects/diningmanner-op/wiki/Ad_windows_service,incorrect
DFS Replicationの状態,障害状態,BOAT,識別子「diningmanner」の場合、モジュールは「DFS Replicationの状態」とエージェントは「BOAT またはすべて」と障害状態は「障害状態」であればページ取得してください。,http://origin1/projects/diningmanner-op/wiki/Ad_windows_service,incorrect
DNS Serverの状態,障害状態,BOAT,識別子「diningmanner」の場合、モジュールは「DNS Serverの状態」とエージェントは「BOAT またはすべて」と障害状態は「障害状態」であればページ取得してください。,http://origin1/projects/diningmanner-op/wiki/Ad_windows_service,incorrect
Intersite Messagingの状態,障害状態,BOAT,識別子「diningmanner」の場合、モジュールは「Intersite Messagingの状態」とエージェントは「BOAT またはすべて」と障害状態は「障害状態」であればページ取得してください。,http://origin1/projects/diningmanner-op/wiki/Ad_windows_service,incorrect
Kerberos Key Distribution Centerの状態,障害状態,BOAT,識別子「diningmanner」の場合、モジュールは「Kerberos Key Distribution Centerの状態」とエージェントは「BOAT またはすべて」と障害状態は「障害状態」であればページ取得してください。,http://origin1/projects/diningmanner-op/wiki/Ad_windows_service,incorrect
Netlogonの状態,障害状態,BOAT,識別子「diningmanner」の場合、モジュールは「Netlogonの状態」とエージェントは「BOAT またはすべて」と障害状態は「障害状態」であればページ取得してください。,http://origin1/projects/diningmanner-op/wiki/Ad_windows_service,incorrect
Serverの状態,障害状態,BOAT,識別子「diningmanner」の場合、モジュールは「Serverの状態」とエージェントは「BOAT またはすべて」と障害状態は「障害状態」であればページ取得してください。,http://origin1/projects/diningmanner-op/wiki/Ad_windows_service,incorrect
Windows Timeの状態,障害状態,BOAT,識別子「diningmanner」の場合、モジュールは「Windows Timeの状態」とエージェントは「BOAT またはすべて」と障害状態は「障害状態」であればページ取得してください。,http://origin1/projects/diningmanner-op/wiki/Ad_windows_service,incorrect
Workstationの状態,障害状態,BOAT,識別子「diningmanner」の場合、モジュールは「Workstationの状態」とエージェントは「BOAT またはすべて」と障害状態は「障害状態」であればページ取得してください。,http://origin1/projects/diningmanner-op/wiki/Ad_windows_service,incorrect
D:空き率,障害状態,BOAT,識別子「diningmanner」の場合、モジュールは「D:空き率」とエージェントは「BOAT またはすべて」と障害状態は「障害状態」であればページ取得してください。,http://origin1/projects/diningmanner-op/wiki/Disk_usage,incorrect
BOAT バックアップ 00001-増分,障害状態,BOAT,識別子「diningmanner」の場合、モジュールは「BOAT バックアップ 00001-増分」とエージェントは「BOAT またはすべて」と障害状態は「障害状態」であればページ取得してください。,http://origin1/projects/diningmanner-op/wiki/Backup_error,incorrect
BOAT バックアップ 00001-完全,障害状態,BOAT,識別子「diningmanner」の場合、モジュールは「BOAT バックアップ 00001-完全」とエージェントは「BOAT またはすべて」と障害状態は「障害状態」であればページ取得してください。,http://origin1/projects/diningmanner-op/wiki/Backup_error,incorrect
サービス SQL Server (MSSQLSERVER),障害状態,CRM,識別子「diningmanner-galaxy」の場合、モジュールは「サービス SQL Server (MSSQLSERVER)」とエージェントは「CRM またはすべて」と障害状態は「障害状態」であればページ取得してください。,http://origin1/projects/diningmanner-galaxy-trouble-op/wiki/Windows_service,incorrect
サービス SQL Server エージェント(MSSQLSERVER),障害状態,CRM,識別子「diningmanner-galaxy」の場合、モジュールは「サービス SQL Server エージェント(MSSQLSERVER)」とエージェントは「CRM またはすべて」と障害状態は「障害状態」であればページ取得してください。,http://origin1/projects/diningmanner-galaxy-trouble-op/wiki/Windows_service,incorrect
Instance Status Check,障害状態,amfmaster.diningmanner.com,識別子「diningmanner-lan」の場合、モジュールは「Instance Status Check」とエージェントは「amfmaster.diningmanner.com またはすべて」と障害状態は「障害状態」であればページ取得してください。,http://origin1/projects/diningmanner-lan-trouble-op/wiki/Instance_status_check_critical,incorrect
AT-AWC MongoDB Server Service の状態,障害状態,AT-VISTA,識別子「diningmanner-lan」の場合、モジュールは「AT-AWC MongoDB Server Service の状態」とエージェントは「AT-VISTA またはすべて」と障害状態は「障害状態」であればページ取得してください。,http://origin1/projects/diningmanner-lan-trouble-op/wiki/Windows_Service,incorrect
AT-AWCService の状態,障害状態,AT-VISTA,識別子「diningmanner-lan」の場合、モジュールは「AT-AWCService の状態」とエージェントは「AT-VISTA またはすべて」と障害状態は「障害状態」であればページ取得してください。,http://origin1/projects/diningmanner-lan-trouble-op/wiki/Windows_Service,incorrect
AT-Vista Manager EX MongoDB Server Service の状態,障害状態,AT-VISTA,識別子「diningmanner-lan」の場合、モジュールは「AT-Vista Manager EX MongoDB Server Service の状態」とエージェントは「AT-VISTA またはすべて」と障害状態は「障害状態」であればページ取得してください。,http://origin1/projects/diningmanner-lan-trouble-op/wiki/Windows_Service,incorrect
ATKK Network Monitor Polling Manager Service の状態,障害状態,AT-VISTA,識別子「diningmanner-lan」の場合、モジュールは「ATKK Network Monitor Polling Manager Service の状態」とエージェントは「AT-VISTA またはすべて」と障害状態は「障害状態」であればページ取得してください。,http://origin1/projects/diningmanner-lan-trouble-op/wiki/Windows_Service,incorrect
ATKK Network Monitor Service の状態,障害状態,AT-VISTA,識別子「diningmanner-lan」の場合、モジュールは「ATKK Network Monitor Service の状態」とエージェントは「AT-VISTA またはすべて」と障害状態は「障害状態」であればページ取得してください。,http://origin1/projects/diningmanner-lan-trouble-op/wiki/Windows_Service,incorrect
ATKK SNMP Plug-in Event Server Service の状態,障害状態,AT-VISTA,識別子「diningmanner-lan」の場合、モジュールは「ATKK SNMP Plug-in Event Server Service の状態」とエージェントは「AT-VISTA またはすべて」と障害状態は「障害状態」であればページ取得してください。,http://origin1/projects/diningmanner-lan-trouble-op/wiki/Windows_Service,incorrect
UnHealthyHostCount,障害状態,at-vista-diningmanner-com-alb,識別子「diningmanner-lan」の場合、モジュールは「UnHealthyHostCount」とエージェントは「at-vista-diningmanner-com-alb またはすべて」と障害状態は「障害状態」であればページ取得してください。,http://origin1/projects/diningmanner-lan-trouble-op/wiki/UnHealthyHostCount,incorrect
Core Server Service の状態,障害状態,PRTG,識別子「diningmanner-lan」の場合、モジュールは「Core Server Service の状態」とエージェントは「PRTG またはすべて」と障害状態は「障害状態」であればページ取得してください。,http://origin1/projects/diningmanner-lan-trouble-op/wiki/Windows_Service,incorrect
Probe Service の状態,障害状態,PRTG,識別子「diningmanner-lan」の場合、モジュールは「Probe Service の状態」とエージェントは「PRTG またはすべて」と障害状態は「障害状態」であればページ取得してください。,http://origin1/projects/diningmanner-lan-trouble-op/wiki/Windows_Service,incorrect
G:空き率,障害状態,BATCH-DEV-TEMPLE,識別子「diningmanner-temple」の場合、モジュールは「G:空き率」とエージェントは「BATCH-DEV-TEMPLE またはすべて」と障害状態は「障害状態」であればページ取得してください。,http://origin1/projects/diningmanner-temple-trouble-op/wiki/Disk_usage,incorrect
TaskScheduler イベントログ監視,常時通知,BATCH-DEV-TEMPLE,識別子「diningmanner-temple」の場合、モジュールは「TaskScheduler イベントログ監視」とエージェントは「BATCH-DEV-TEMPLE またはすべて」と障害状態は「常時通知」であればページ取得してください。,http://origin1/projects/diningmanner-temple-trouble-op/wiki/TaskScheduler_%E3%82%A4%E3%83%99%E3%83%B3%E3%83%88%E3%83%AD%E3%82%B0%E7%9B%A3%E8%A6%96,incorrect
TaskScheduler イベントログ監視正常性監視,障害状態,BATCH-DEV-TEMPLE,識別子「diningmanner-temple」の場合、モジュールは「TaskScheduler イベントログ監視正常性監視」とエージェントは「BATCH-DEV-TEMPLE またはすべて」と障害状態は「障害状態」であればページ取得してください。,http://origin1/projects/diningmanner-temple-trouble-op/wiki/TaskScheduler_%E3%82%A4%E3%83%99%E3%83%B3%E3%83%88%E3%83%AD%E3%82%B0%E7%9B%A3%E8%A6%96%E6%AD%A3%E5%B8%B8%E6%80%A7%E7%9B%A3%E8%A6%96,incorrect
D:空き率,障害状態,BATCH-PROD-TEMPLE,識別子「diningmanner-temple」の場合、モジュールは「D:空き率」とエージェントは「BATCH-PROD-TEMPLE またはすべて」と障害状態は「障害状態」であればページ取得してください。,http://origin1/projects/diningmanner-temple-trouble-op/wiki/Disk_usage,incorrect
History データ転送 export ログ,常時通知,BATCH-PROD-TEMPLE,識別子「diningmanner-temple」の場合、モジュールは「History データ転送 export ログ」とエージェントは「BATCH-PROD-TEMPLE またはすべて」と障害状態は「常時通知」であればページ取得してください。,http://origin1/projects/diningmanner-temple-trouble-op/wiki/History_%E3%83%87%E3%83%BC%E3%82%BF%E8%BB%A2%E9%80%81_*_%E3%83%AD%E3%82%B0,incorrect
TaskScheduler イベントログ監視,常時通知,BATCH-PROD-TEMPLE,識別子「diningmanner-temple」の場合、モジュールは「TaskScheduler イベントログ監視」とエージェントは「BATCH-PROD-TEMPLE またはすべて」と障害状態は「常時通知」であればページ取得してください。,http://origin1/projects/diningmanner-temple-trouble-op/wiki/TaskScheduler_%E3%82%A4%E3%83%99%E3%83%B3%E3%83%88%E3%83%AD%E3%82%B0%E7%9B%A3%E8%A6%96,incorrect
TaskScheduler イベントログ監視正常性監視,障害状態,BATCH-PROD-TEMPLE,識別子「diningmanner-temple」の場合、モジュールは「TaskScheduler イベントログ監視正常性監視」とエージェントは「BATCH-PROD-TEMPLE またはすべて」と障害状態は「障害状態」であればページ取得してください。,http://origin1/projects/diningmanner-temple-trouble-op/wiki/TaskScheduler_%E3%82%A4%E3%83%99%E3%83%B3%E3%83%88%E3%83%AD%E3%82%B0%E7%9B%A3%E8%A6%96%E6%AD%A3%E5%B8%B8%E6%80%A7%E7%9B%A3%E8%A6%96,incorrect
GALAXY RNK_CSV ログ,常時通知,BATCH-PROD-TEMPLE,識別子「diningmanner-temple」の場合、モジュールは「GALAXY RNK_CSV ログ」とエージェントは「BATCH-PROD-TEMPLE またはすべて」と障害状態は「常時通知」であればページ取得してください。,http://origin1/projects/diningmanner-temple-trouble-op/wiki/GALAXY_RNK_CSV_%E3%83%AD%E3%82%B0,incorrect
C:空き率,障害状態,BATCH-STG-TEMPLE,識別子「diningmanner-temple」の場合、モジュールは「C:空き率」とエージェントは「BATCH-STG-TEMPLE またはすべて」と障害状態は「障害状態」であればページ取得してください。,http://origin1/projects/diningmanner-temple-trouble-op/wiki/Disk_usage,incorrect
TaskScheduler イベントログ監視,常時通知,BATCH-STG-TEMPLE,識別子「diningmanner-temple」の場合、モジュールは「TaskScheduler イベントログ監視」とエージェントは「BATCH-STG-TEMPLE またはすべて」と障害状態は「常時通知」であればページ取得してください。,http://origin1/projects/diningmanner-temple-trouble-op/wiki/TaskScheduler_%E3%82%A4%E3%83%99%E3%83%B3%E3%83%88%E3%83%AD%E3%82%B0%E7%9B%A3%E8%A6%96,incorrect
TaskScheduler イベントログ監視正常性監視,障害状態,BATCH-STG-TEMPLE,識別子「diningmanner-temple」の場合、モジュールは「TaskScheduler イベントログ監視正常性監視」とエージェントは「BATCH-STG-TEMPLE またはすべて」と障害状態は「障害状態」であればページ取得してください。,http://origin1/projects/diningmanner-temple-trouble-op/wiki/TaskScheduler_%E3%82%A4%E3%83%99%E3%83%B3%E3%83%88%E3%83%AD%E3%82%B0%E7%9B%A3%E8%A6%96%E6%AD%A3%E5%B8%B8%E6%80%A7%E7%9B%A3%E8%A6%96,incorrect
Oracle_Alert_Log_Error_,障害状態,dev-temple-db,識別子「diningmanner-temple」の場合、モジュールは「Oracle_Alert_Log_Error_」とエージェントは「dev-temple-db またはすべて」と障害状態は「障害状態」であればページ取得してください。,http://origin1/projects/diningmanner-temple-trouble-op/wiki/Oracle_Alert_Log_Error,incorrect
DeliveryToS3.Success (prod-temple-history-stream),障害状態,Firehose,識別子「diningmanner-temple」の場合、モジュールは「DeliveryToS3.Success (prod-temple-history-stream)」とエージェントは「Firehose またはすべて」と障害状態は「障害状態」であればページ取得してください。,http://origin1/projects/diningmanner-temple-trouble-op/wiki/DeliveryToS3Success,incorrect
PDデータ同期バッチエラー,常時通知,republic,識別子「diningmanner-temple」の場合、モジュールは「PDデータ同期バッチエラー」とエージェントは「republic またはすべて」と障害状態は「常時通知」であればページ取得してください。,http://origin1/projects/diningmanner-temple-trouble-op/wiki/PD%E3%83%87%E3%83%BC%E3%82%BF%E5%90%8C%E6%9C%9F%E3%83%90%E3%83%83%E3%83%81%E3%82%A8%E3%83%A9%E3%83%BC,incorrect
Oracle_Alert_Log_Error,障害状態,prod-temple-db,識別子「diningmanner-temple」の場合、モジュールは「Oracle_Alert_Log_Error」とエージェントは「prod-temple-db またはすべて」と障害状態は「障害状態」であればページ取得してください。,http://origin1/projects/diningmanner-temple-trouble-op/wiki/Oracle_Alert_Log_Error,incorrect
FreeableMemory(5:00-6:00のみ),障害状態(5:00-6:00のみ),prod-temple-db,識別子「diningmanner-temple」の場合、モジュールは「FreeableMemory(5:00-6:00のみ)」とエージェントは「prod-temple-db またはすべて」と障害状態は「障害状態(5:00-6:00のみ)」であればページ取得してください。,http://origin1/projects/diningmanner-temple-trouble-op/wiki/FreeableMemory,incorrect
FreeStorageSpace,障害状態,prod-temple-history-db,識別子「diningmanner-temple」の場合、モジュールは「FreeStorageSpace」とエージェントは「prod-temple-history-db またはすべて」と障害状態は「障害状態」であればページ取得してください。,http://origin1/projects/diningmanner-temple-trouble-op/wiki/FreeStorageSpace,incorrect
Oracle_Alert_Log_Error_,障害状態,prod-temple-history-db,識別子「diningmanner-temple」の場合、モジュールは「Oracle_Alert_Log_Error_」とエージェントは「prod-temple-history-db またはすべて」と障害状態は「障害状態」であればページ取得してください。,http://origin1/projects/diningmanner-temple-trouble-op/wiki/Oracle_Alert_Log_Error,incorrect
FreeableMemory(5:00-6:00のみ),障害状態(5:00-6:00のみ),prod-temple-history-db,識別子「diningmanner-temple」の場合、モジュールは「FreeableMemory(5:00-6:00のみ)」とエージェントは「prod-temple-history-db またはすべて」と障害状態は「障害状態(5:00-6:00のみ)」であればページ取得してください。,http://origin1/projects/diningmanner-temple-trouble-op/wiki/FreeableMemory,incorrect
FreeStorageSpace,障害状態,stg-temple-db,識別子「diningmanner-temple」の場合、モジュールは「FreeStorageSpace」とエージェントは「stg-temple-db またはすべて」と障害状態は「障害状態」であればページ取得してください。,http://origin1/projects/diningmanner-temple-trouble-op/wiki/FreeStorageSpace,incorrect
Instance Status,障害状態,stg-temple-db,識別子「diningmanner-temple」の場合、モジュールは「Instance Status」とエージェントは「stg-temple-db またはすべて」と障害状態は「障害状態」であればページ取得してください。,http://origin1/projects/diningmanner-temple-trouble-op/wiki/InstanceStatus,incorrect
Oracle_Alert_Log_Error_,障害状態,stg-temple-db,識別子「diningmanner-temple」の場合、モジュールは「Oracle_Alert_Log_Error_」とエージェントは「stg-temple-db またはすべて」と障害状態は「障害状態」であればページ取得してください。,http://origin1/projects/diningmanner-temple-trouble-op/wiki/Oracle_Alert_Log_Error,incorrect
UnHealthyHostCount,障害状態,stg-temple-dev-mannersystem-nlb,識別子「diningmanner-temple」の場合、モジュールは「UnHealthyHostCount」とエージェントは「stg-temple-dev-mannersystem-nlb またはすべて」と障害状態は「障害状態」であればページ取得してください。,http://origin1/projects/diningmanner-temple-trouble-op/wiki/UnHealthyHostCount,incorrect
D:空き率,障害状態,WEB-DEV-TEMPLE,識別子「diningmanner-temple」の場合、モジュールは「D:空き率」とエージェントは「WEB-DEV-TEMPLE またはすべて」と障害状態は「障害状態」であればページ取得してください。,http://origin1/projects/diningmanner-temple-trouble-op/wiki/Disk_usage,incorrect
TaskScheduler イベントログ監視,常時通知,WEB-DEV-TEMPLE,識別子「diningmanner-temple」の場合、モジュールは「TaskScheduler イベントログ監視」とエージェントは「WEB-DEV-TEMPLE またはすべて」と障害状態は「常時通知」であればページ取得してください。,http://origin1/projects/diningmanner-temple-trouble-op/wiki/TaskScheduler_%E3%82%A4%E3%83%99%E3%83%B3%E3%83%88%E3%83%AD%E3%82%B0%E7%9B%A3%E8%A6%96,incorrect
TaskScheduler イベントログ監視正常性監視,障害状態,WEB-DEV-TEMPLE,識別子「diningmanner-temple」の場合、モジュールは「TaskScheduler イベントログ監視正常性監視」とエージェントは「WEB-DEV-TEMPLE またはすべて」と障害状態は「障害状態」であればページ取得してください。,http://origin1/projects/diningmanner-temple-trouble-op/wiki/TaskScheduler_%E3%82%A4%E3%83%99%E3%83%B3%E3%83%88%E3%83%AD%E3%82%B0%E7%9B%A3%E8%A6%96%E6%AD%A3%E5%B8%B8%E6%80%A7%E7%9B%A3%E8%A6%96,incorrect
プロセス取得バッチ稼動監視,障害状態,WEB-DEV-TEMPLE,識別子「diningmanner-temple」の場合、モジュールは「プロセス取得バッチ稼動監視」とエージェントは「WEB-DEV-TEMPLE またはすべて」と障害状態は「障害状態」であればページ取得してください。,http://origin1/projects/diningmanner-temple-trouble-op/wiki/%E3%83%97%E3%83%AD%E3%82%BB%E3%82%B9%E5%8F%96%E5%BE%97%E3%83%90%E3%83%83%E3%83%81%E7%A8%BC%E5%8B%95%E7%9B%A3%E8%A6%96,incorrect
History データ転送 import ログ,常時通知,WEB1-HISTORY-PROD-TEMPLE,識別子「diningmanner-temple」の場合、モジュールは「History データ転送 import ログ」とエージェントは「WEB1-HISTORY-PROD-TEMPLE またはすべて」と障害状態は「常時通知」であればページ取得してください。,http://origin1/projects/diningmanner-temple-trouble-op/wiki/History_%E3%83%87%E3%83%BC%E3%82%BF%E8%BB%A2%E9%80%81_*_%E3%83%AD%E3%82%B0,incorrect
TaskScheduler イベントログ監視,常時通知,WEB1-HISTORY-PROD-TEMPLE,識別子「diningmanner-temple」の場合、モジュールは「TaskScheduler イベントログ監視」とエージェントは「WEB1-HISTORY-PROD-TEMPLE またはすべて」と障害状態は「常時通知」であればページ取得してください。,http://origin1/projects/diningmanner-temple-trouble-op/wiki/TaskScheduler_%E3%82%A4%E3%83%99%E3%83%B3%E3%83%88%E3%83%AD%E3%82%B0%E7%9B%A3%E8%A6%96,incorrect
TaskScheduler イベントログ監視正常性監視,障害状態,WEB1-HISTORY-PROD-TEMPLE,識別子「diningmanner-temple」の場合、モジュールは「TaskScheduler イベントログ監視正常性監視」とエージェントは「WEB1-HISTORY-PROD-TEMPLE またはすべて」と障害状態は「障害状態」であればページ取得してください。,http://origin1/projects/diningmanner-temple-trouble-op/wiki/TaskScheduler_%E3%82%A4%E3%83%99%E3%83%B3%E3%83%88%E3%83%AD%E3%82%B0%E7%9B%A3%E8%A6%96%E6%AD%A3%E5%B8%B8%E6%80%A7%E7%9B%A3%E8%A6%96,incorrect
C:空き率,障害状態,WEB1-PROD-TEMPLE,識別子「diningmanner-temple」の場合、モジュールは「C:空き率」とエージェントは「WEB1-PROD-TEMPLE またはすべて」と障害状態は「障害状態」であればページ取得してください。,http://origin1/projects/diningmanner-temple-trouble-op/wiki/Disk_usage,incorrect
VOD_CONN_PLANET.exe プロセス数,障害状態,WEB1-PROD-TEMPLE,識別子「diningmanner-temple」の場合、モジュールは「VOD_CONN_PLANET.exe プロセス数」とエージェントは「WEB1-PROD-TEMPLE またはすべて」と障害状態は「障害状態」であればページ取得してください。,http://origin1/projects/diningmanner-temple-trouble-op/wiki/VOD_CONN_PLANETexe_%E3%83%97%E3%83%AD%E3%82%BB%E3%82%B9%E6%95%B0,incorrect
ポート 80 の ESTABLISHED セッション数,障害状態,WEB1-PROD-TEMPLE,識別子「diningmanner-temple」の場合、モジュールは「ポート 80 の ESTABLISHED セッション数」とエージェントは「WEB1-PROD-TEMPLE またはすべて」と障害状態は「障害状態」であればページ取得してください。,http://origin1/projects/diningmanner-temple-trouble-op/wiki/%E3%83%9D%E3%83%BC%E3%83%88_80_%E3%81%AE_ESTABLISHED_%E3%82%BB%E3%83%83%E3%82%B7%E3%83%A7%E3%83%B3%E6%95%B0,incorrect
TaskScheduler イベントログ監視,常時通知,WEB1-PROD-TEMPLE,識別子「diningmanner-temple」の場合、モジュールは「TaskScheduler イベントログ監視」とエージェントは「WEB1-PROD-TEMPLE またはすべて」と障害状態は「常時通知」であればページ取得してください。,http://origin1/projects/diningmanner-temple-trouble-op/wiki/TaskScheduler_%E3%82%A4%E3%83%99%E3%83%B3%E3%83%88%E3%83%AD%E3%82%B0%E7%9B%A3%E8%A6%96,incorrect
TaskScheduler イベントログ監視正常性監視,障害状態,WEB1-PROD-TEMPLE,識別子「diningmanner-temple」の場合、モジュールは「TaskScheduler イベントログ監視正常性監視」とエージェントは「WEB1-PROD-TEMPLE またはすべて」と障害状態は「障害状態」であればページ取得してください。,http://origin1/projects/diningmanner-temple-trouble-op/wiki/TaskScheduler_%E3%82%A4%E3%83%99%E3%83%B3%E3%83%88%E3%83%AD%E3%82%B0%E7%9B%A3%E8%A6%96%E6%AD%A3%E5%B8%B8%E6%80%A7%E7%9B%A3%E8%A6%96,incorrect
CRM Connection For PLANET 1.1.exe プロセス数,障害状態,WEB1-STG-TEMPLE,識別子「diningmanner-temple」の場合、モジュールは「CRM Connection For PLANET 1.1.exe プロセス数」とエージェントは「WEB1-STG-TEMPLE またはすべて」と障害状態は「障害状態」であればページ取得してください。,http://origin1/projects/diningmanner-temple-trouble-op/wiki/CRM_Connection_For_PLANET_11exe_%E3%83%97%E3%83%AD%E3%82%BB%E3%82%B9%E6%95%B0,incorrect
VOD_CONN_PLANET.exe プロセス数,障害状態,WEB1-STG-TEMPLE,識別子「diningmanner-temple」の場合、モジュールは「VOD_CONN_PLANET.exe プロセス数」とエージェントは「WEB1-STG-TEMPLE またはすべて」と障害状態は「障害状態」であればページ取得してください。,http://origin1/projects/diningmanner-temple-trouble-op/wiki/VOD_CONN_PLANETexe_%E3%83%97%E3%83%AD%E3%82%BB%E3%82%B9%E6%95%B0,incorrect
GALAXYログ,常時通知,WEB1-STG-TEMPLE,識別子「diningmanner-temple」の場合、モジュールは「GALAXYログ」とエージェントは「WEB1-STG-TEMPLE またはすべて」と障害状態は「常時通知」であればページ取得してください。,http://origin1/projects/diningmanner-temple-trouble-op/wiki/GALAXY%E3%83%AD%E3%82%B0,incorrect
TaskScheduler イベントログ監視,常時通知,WEB1-STG-TEMPLE,識別子「diningmanner-temple」の場合、モジュールは「TaskScheduler イベントログ監視」とエージェントは「WEB1-STG-TEMPLE またはすべて」と障害状態は「常時通知」であればページ取得してください。,http://origin1/projects/diningmanner-temple-trouble-op/wiki/TaskScheduler_%E3%82%A4%E3%83%99%E3%83%B3%E3%83%88%E3%83%AD%E3%82%B0%E7%9B%A3%E8%A6%96,incorrect
TaskScheduler イベントログ監視正常性監視,障害状態,WEB1-STG-TEMPLE,識別子「diningmanner-temple」の場合、モジュールは「TaskScheduler イベントログ監視正常性監視」とエージェントは「WEB1-STG-TEMPLE またはすべて」と障害状態は「障害状態」であればページ取得してください。,http://origin1/projects/diningmanner-temple-trouble-op/wiki/TaskScheduler_%E3%82%A4%E3%83%99%E3%83%B3%E3%83%88%E3%83%AD%E3%82%B0%E7%9B%A3%E8%A6%96%E6%AD%A3%E5%B8%B8%E6%80%A7%E7%9B%A3%E8%A6%96,incorrect
Instance Status Check,障害状態,cms,識別子「diningmanner-www」の場合、モジュールは「Instance Status Check」とエージェントは「cms またはすべて」と障害状態は「障害状態」であればページ取得してください。,http://origin1/projects/diningmanner-www-trouble-op/wiki/Instance_status_check_critical,incorrect
sshdプロセス数,障害状態,cms,識別子「diningmanner-www」の場合、モジュールは「sshdプロセス数」とエージェントは「cms またはすべて」と障害状態は「障害状態」であればページ取得してください。,http://origin1/projects/diningmanner-www-trouble-op/wiki/Sshd_process,incorrect
httpdプロセス数,障害状態,cms,識別子「diningmanner-www」の場合、モジュールは「httpdプロセス数」とエージェントは「cms またはすべて」と障害状態は「障害状態」であればページ取得してください。,http://origin1/projects/diningmanner-www-trouble-op/wiki/Httpd_process,incorrect
ディスク使用率(/),障害状態,cms,識別子「diningmanner-www」の場合、モジュールは「ディスク使用率(/)」とエージェントは「cms またはすべて」と障害状態は「障害状態」であればページ取得してください。,http://origin1/projects/diningmanner-www-trouble-op/wiki/Disk_usage,incorrect
masterプロセス数,障害状態,cms,識別子「diningmanner-www」の場合、モジュールは「masterプロセス数」とエージェントは「cms またはすべて」と障害状態は「障害状態」であればページ取得してください。,http://origin1/projects/diningmanner-www-trouble-op/wiki/Systemd_process,incorrect
"Instance Status on ALB(tg=cms-diningmanner-com-tg, port=80)",障害状態,cms,"識別子「diningmanner-www」の場合、モジュールは「Instance Status on ALB(tg=cms-diningmanner-com-tg, port=80)」とエージェントは「cms またはすべて」と障害状態は「障害状態」であればページ取得してください。",http://origin1/projects/diningmanner-www-trouble-op/wiki/Alb_healthcheck,incorrect
"Instance Status on ALB(tg=cms-diningmanner-com-8080-tg, port=8080)",障害状態,cms,"識別子「diningmanner-www」の場合、モジュールは「Instance Status on ALB(tg=cms-diningmanner-com-8080-tg, port=8080)」とエージェントは「cms またはすべて」と障害状態は「障害状態」であればページ取得してください。",http://origin1/projects/diningmanner-www-trouble-op/wiki/Alb_healthcheck,incorrect
mysqldプロセス数,障害状態,cms,識別子「diningmanner-www」の場合、モジュールは「mysqldプロセス数」とエージェントは「cms またはすべて」と障害状態は「障害状態」であればページ取得してください。,http://origin1/projects/diningmanner-www-trouble-op/wiki/Mysqld_process_lightsail,incorrect
nginxプロセス数,障害状態,republic,識別子「diningmanner-www」の場合、モジュールは「nginxプロセス数」とエージェントは「republic またはすべて」と障害状態は「障害状態」であればページ取得してください。,http://origin1/projects/diningmanner-www-trouble-op/wiki/Nginx_process,incorrect
sshdプロセス数,障害状態,republic,識別子「diningmanner-www」の場合、モジュールは「sshdプロセス数」とエージェントは「republic またはすべて」と障害状態は「障害状態」であればページ取得してください。,http://origin1/projects/diningmanner-www-trouble-op/wiki/Sshd_process,incorrect
Instance Status,障害状態,republic-db-instance-1-ap-northeast-1d,識別子「diningmanner-www」の場合、モジュールは「Instance Status」とエージェントは「republic-db-instance-1-ap-northeast-1d またはすべて」と障害状態は「障害状態」であればページ取得してください。,http://origin1/projects/diningmanner-www-trouble-op/wiki/RDS_InstanceStatus,incorrect
crondプロセス数,障害状態,healthycontents,識別子「diningmanner-www」の場合、モジュールは「crondプロセス数」とエージェントは「healthycontents またはすべて」と障害状態は「障害状態」であればページ取得してください。,http://origin1/projects/diningmanner-www-trouble-op/wiki/Systemd_process_lightsail,incorrect
httpdプロセス数,障害状態,healthycontents,識別子「diningmanner-www」の場合、モジュールは「httpdプロセス数」とエージェントは「healthycontents またはすべて」と障害状態は「障害状態」であればページ取得してください。,http://origin1/projects/diningmanner-www-trouble-op/wiki/Httpd_process_lightsail,incorrect
mysqldプロセス数,障害状態,healthycontents,識別子「diningmanner-www」の場合、モジュールは「mysqldプロセス数」とエージェントは「healthycontents またはすべて」と障害状態は「障害状態」であればページ取得してください。,http://origin1/projects/diningmanner-www-trouble-op/wiki/Mysqld_process_lightsail,incorrect
php-fpmプロセス数,障害状態,healthycontents,識別子「diningmanner-www」の場合、モジュールは「php-fpmプロセス数」とエージェントは「healthycontents またはすべて」と障害状態は「障害状態」であればページ取得してください。,http://origin1/projects/diningmanner-www-trouble-op/wiki/Php-fpm_process_lightsail,incorrect
rsyslogdプロセス数,障害状態,healthycontents,識別子「diningmanner-www」の場合、モジュールは「rsyslogdプロセス数」とエージェントは「healthycontents またはすべて」と障害状態は「障害状態」であればページ取得してください。,http://origin1/projects/diningmanner-www-trouble-op/wiki/Systemd_process_lightsail,incorrect
sshdプロセス数,障害状態,healthycontents,識別子「diningmanner-www」の場合、モジュールは「sshdプロセス数」とエージェントは「healthycontents またはすべて」と障害状態は「障害状態」であればページ取得してください。,http://origin1/projects/diningmanner-www-trouble-op/wiki/Sshd_process_lightsail,incorrect
Instance Status Check,警告状態,www1,識別子「diningmanner-www」の場合、モジュールは「Instance Status Check」とエージェントは「www1 またはすべて」と障害状態は「警告状態」であればページ取得してください。,http://origin1/projects/diningmanner-www-trouble-op/wiki/Instance_status_check_warning,incorrect
システム稼働時間,障害状態,www1,識別子「diningmanner-www」の場合、モジュールは「システム稼働時間」とエージェントは「www1 またはすべて」と障害状態は「障害状態」であればページ取得してください。,http://origin1/projects/diningmanner-www-trouble-op/wiki/System_reboot,incorrect
rsyslogdプロセス数,障害状態,www2,識別子「diningmanner-www」の場合、モジュールは「rsyslogdプロセス数」とエージェントは「www2 またはすべて」と障害状態は「障害状態」であればページ取得してください。,http://origin1/projects/diningmanner-www-trouble-op/wiki/Systemd_process,incorrect
Instance Status Check,警告状態,www2,識別子「diningmanner-www」の場合、モジュールは「Instance Status Check」とエージェントは「www2 またはすべて」と障害状態は「警告状態」であればページ取得してください。,http://origin1/projects/diningmanner-www-trouble-op/wiki/Instance_status_check_warning,incorrect
td-agentプロセス数,障害状態,www2,識別子「diningmanner-www」の場合、モジュールは「td-agentプロセス数」とエージェントは「www2 またはすべて」と障害状態は「障害状態」であればページ取得してください。,http://origin1/projects/diningmanner-www-trouble-op/wiki/Systemd_process,incorrect
システム稼働時間,障害状態,www2,識別子「diningmanner-www」の場合、モジュールは「システム稼働時間」とエージェントは「www2 またはすべて」と障害状態は「障害状態」であればページ取得してください。,http://origin1/projects/diningmanner-www-trouble-op/wiki/System_reboot,incorrect
Instance Status,障害状態,tub-prod-db-instance-1,識別子「diningmanner-datalake」の場合、モジュールは「Instance Status」とエージェントは「tub-prod-db-instance-1 またはすべて」と障害状態は「障害状態」であればページ取得してください。,http://origin1/projects/diningmanner-datalake-trouble-op/wiki/RDS_Instance_Status,incorrect
FreeLocalStorage,障害状態,tub-prod-db-instance-1,識別子「diningmanner-datalake」の場合、モジュールは「FreeLocalStorage」とエージェントは「tub-prod-db-instance-1 またはすべて」と障害状態は「障害状態」であればページ取得してください。,http://origin1/projects/diningmanner-datalake-trouble-op/wiki/FreeLocalStorage,incorrect
FreeableMemory,障害状態,tub-prod-db-instance-1-ap-northeast-1a,識別子「diningmanner-datalake」の場合、モジュールは「FreeableMemory」とエージェントは「tub-prod-db-instance-1-ap-northeast-1a またはすべて」と障害状態は「障害状態」であればページ取得してください。,http://origin1/projects/diningmanner-datalake-trouble-op/wiki/FreeableMemory,incorrect
FreeLocalStorage,障害状態,tub-prod-db-instance-1-ap-northeast-1a,識別子「diningmanner-datalake」の場合、モジュールは「FreeLocalStorage」とエージェントは「tub-prod-db-instance-1-ap-northeast-1a またはすべて」と障害状態は「障害状態」であればページ取得してください。,http://origin1/projects/diningmanner-datalake-trouble-op/wiki/FreeLocalStorage,incorrect
PowerBI サービス状態,障害状態,POWERBI,識別子「diningmanner-datalake」の場合、モジュールは「PowerBI サービス状態」とエージェントは「POWERBI またはすべて」と障害状態は「障害状態」であればページ取得してください。,http://origin1/projects/diningmanner-datalake-trouble-op/wiki/PowerBIStatus,incorrect
Instance Status Check,警告状態,sftp,識別子「diningmanner-datalake」の場合、モジュールは「Instance Status Check」とエージェントは「sftp またはすべて」と障害状態は「警告状態」であればページ取得してください。,http://origin1/projects/diningmanner-datalake-trouble-op/wiki/Instance_status_check_warning,incorrect
crondプロセス数,障害状態,sftp,識別子「diningmanner-datalake」の場合、モジュールは「crondプロセス数」とエージェントは「sftp またはすべて」と障害状態は「障害状態」であればページ取得してください。,http://origin1/projects/diningmanner-datalake-trouble-op/wiki/Systemd_process,incorrect
sshdプロセス数,障害状態,sftp,識別子「diningmanner-datalake」の場合、モジュールは「sshdプロセス数」とエージェントは「sftp またはすべて」と障害状態は「障害状態」であればページ取得してください。,http://origin1/projects/diningmanner-datalake-trouble-op/wiki/Sshd_process,incorrect
rsyslogdプロセス数,障害状態,sftp,識別子「diningmanner-datalake」の場合、モジュールは「rsyslogdプロセス数」とエージェントは「sftp またはすべて」と障害状態は「障害状態」であればページ取得してください。,http://origin1/projects/diningmanner-datalake-trouble-op/wiki/Systemd_process,incorrect
chronydプロセス数,障害状態,sftp,識別子「diningmanner-datalake」の場合、モジュールは「chronydプロセス数」とエージェントは「sftp またはすべて」と障害状態は「障害状態」であればページ取得してください。,http://origin1/projects/diningmanner-datalake-trouble-op/wiki/Systemd_process,incorrect
TrustYou S3アップロードバッチ稼働状態,障害状態,sftp,識別子「diningmanner-datalake」の場合、モジュールは「TrustYou S3アップロードバッチ稼働状態」とエージェントは「sftp またはすべて」と障害状態は「障害状態」であればページ取得してください。,http://origin1/projects/diningmanner-datalake-trouble-op/wiki/%E9%9A%9C%E5%AE%B3%E5%AF%BE%E5%BF%9C%E6%89%8B%E9%A0%86,incorrect
FreeableMemory,障害状態,visaprod,識別子「kaifuku-uv」の場合、モジュールは「FreeableMemory」とエージェントは「visaprod またはすべて」と障害状態は「障害状態」であればページ取得してください。,http://origin1/projects/kaifuku-uv-op/wiki/HowToRecoverRDS_FreeableMemory,incorrect
/使用率,障害状態,prod-monday-web-01,識別子「kaifuku-uv」の場合、モジュールは「/使用率」とエージェントは「prod-monday-web-01 またはすべて」と障害状態は「障害状態」であればページ取得してください。,http://origin1/projects/kaifuku-uv-op/wiki/HowToRecoverEC2_DiskUsage,incorrect
chronyd プロセス数,障害状態,prod-monday-web-01,識別子「kaifuku-uv」の場合、モジュールは「chronyd プロセス数」とエージェントは「prod-monday-web-01 またはすべて」と障害状態は「障害状態」であればページ取得してください。,http://origin1/projects/kaifuku-uv-op/wiki/HowToRecoverEC2_LocalService,incorrect
crond プロセス数,障害状態,prod-monday-web-01,識別子「kaifuku-uv」の場合、モジュールは「crond プロセス数」とエージェントは「prod-monday-web-01 またはすべて」と障害状態は「障害状態」であればページ取得してください。,http://34.146.243.82/projects/kaifuku-uv-op/wiki/HowToRecoverEC2_LocalService,incorrect
f-secure-baseguard-av.service サービス稼動状態,障害状態,prod-monday-web-01,識別子「kaifuku-uv」の場合、モジュールは「f-secure-baseguard-av.service サービス稼動状態」とエージェントは「prod-monday-web-01 またはすべて」と障害状態は「障害状態」であればページ取得してください。,http://origin1/projects/kaifuku-uv-op/wiki/HowToRecoverEC2_LocalService,incorrect
f-secure-baseguard-cleanup.service サービス稼動状態,障害状態,prod-monday-web-01,識別子「kaifuku-uv」の場合、モジュールは「f-secure-baseguard-cleanup.service サービス稼動状態」とエージェントは「prod-monday-web-01 またはすべて」と障害状態は「障害状態」であればページ取得してください。,http://origin1/projects/kaifuku-uv-op/wiki/HowToRecoverEC2_LocalService,incorrect
f-secure-baseguard-doormand.service サービス稼動状態,障害状態,prod-monday-web-01,識別子「kaifuku-uv」の場合、モジュールは「f-secure-baseguard-doormand.service サービス稼動状態」とエージェントは「prod-monday-web-01 またはすべて」と障害状態は「障害状態」であればページ取得してください。,http://origin1/projects/kaifuku-uv-op/wiki/HowToRecoverEC2_LocalService,incorrect
f-secure-baseguard-icap.service サービス稼動状態,障害状態,prod-monday-web-01,識別子「kaifuku-uv」の場合、モジュールは「f-secure-baseguard-icap.service サービス稼動状態」とエージェントは「prod-monday-web-01 またはすべて」と障害状態は「障害状態」であればページ取得してください。,http://origin1/projects/kaifuku-uv-op/wiki/HowToRecoverEC2_LocalService,incorrect
f-secure-baseguard-orspgw.service サービス稼動状態,障害状態,prod-monday-web-01,識別子「kaifuku-uv」の場合、モジュールは「f-secure-baseguard-orspgw.service サービス稼動状態」とエージェントは「prod-monday-web-01 またはすべて」と障害状態は「障害状態」であればページ取得してください。,http://origin1/projects/kaifuku-uv-op/wiki/HowToRecoverEC2_LocalService,incorrect
f-secure-baseguard-telemetry.service サービス稼動状態,障害状態,prod-monday-web-01,識別子「kaifuku-uv」の場合、モジュールは「f-secure-baseguard-telemetry.service サービス稼動状態」とエージェントは「prod-monday-web-01 またはすべて」と障害状態は「障害状態」であればページ取得してください。,http://origin1/projects/kaifuku-uv-op/wiki/HowToRecoverEC2_LocalService,incorrect
f-secure-baseguard-tokenverify.service サービス稼動状態,障害状態,prod-monday-web-01,識別子「kaifuku-uv」の場合、モジュールは「f-secure-baseguard-tokenverify.service サービス稼動状態」とエージェントは「prod-monday-web-01 またはすべて」と障害状態は「障害状態」であればページ取得してください。,http://origin1/projects/kaifuku-uv-op/wiki/HowToRecoverEC2_LocalService,incorrect
f-secure-linuxsecurity-lspmd.service サービス稼動状態,障害状態,prod-monday-web-01,識別子「kaifuku-uv」の場合、モジュールは「f-secure-linuxsecurity-lspmd.service サービス稼動状態」とエージェントは「prod-monday-web-01 またはすべて」と障害状態は「障害状態」であればページ取得してください。,http://origin1/projects/kaifuku-uv-op/wiki/HowToRecoverEC2_LocalService,incorrect
f-secure-linuxsecurity-scand.service サービス稼動状態,障害状態,prod-monday-web-01,識別子「kaifuku-uv」の場合、モジュールは「f-secure-linuxsecurity-scand.service サービス稼動状態」とエージェントは「prod-monday-web-01 またはすべて」と障害状態は「障害状態」であればページ取得してください。,http://origin1/projects/kaifuku-uv-op/wiki/HowToRecoverEC2_LocalService,incorrect
f-secure-linuxsecurity-statusd.service サービス稼動状態,障害状態,prod-monday-web-01,識別子「kaifuku-uv」の場合、モジュールは「f-secure-linuxsecurity-statusd.service サービス稼動状態」とエージェントは「prod-monday-web-01 またはすべて」と障害状態は「障害状態」であればページ取得してください。,http://origin1/projects/kaifuku-uv-op/wiki/HowToRecoverEC2_LocalService,incorrect
f-secure-linuxsecurity-webserver.service サービス稼動状態,障害状態,prod-monday-web-01,識別子「kaifuku-uv」の場合、モジュールは「f-secure-linuxsecurity-webserver.service サービス稼動状態」とエージェントは「prod-monday-web-01 またはすべて」と障害状態は「障害状態」であればページ取得してください。,http://origin1/projects/kaifuku-uv-op/wiki/HowToRecoverEC2_LocalService,incorrect
rsyslogd プロセス数,障害状態,prod-monday-web-01,識別子「kaifuku-uv」の場合、モジュールは「rsyslogd プロセス数」とエージェントは「prod-monday-web-01 またはすべて」と障害状態は「障害状態」であればページ取得してください。,http://origin1/projects/kaifuku-uv-op/wiki/HowToRecoverEC2_LocalService,incorrect
sshd プロセス数,障害状態,prod-monday-web-01,識別子「kaifuku-uv」の場合、モジュールは「sshd プロセス数」とエージェントは「prod-monday-web-01 またはすべて」と障害状態は「障害状態」であればページ取得してください。,http://origin1/projects/kaifuku-uv-op/wiki/HowToRecoverEC2_LocalService,incorrect
ロードアベレージ(1分平均),障害状態,prod-monday-web-01,識別子「kaifuku-uv」の場合、モジュールは「ロードアベレージ(1分平均)」とエージェントは「prod-monday-web-01 またはすべて」と障害状態は「障害状態」であればページ取得してください。,http://origin1/projects/kaifuku-uv-op/wiki/HowToRecoverEC2_LoadAverage,incorrect
ロードアベレージ(5分平均),障害状態,prod-monday-web-01,識別子「kaifuku-uv」の場合、モジュールは「ロードアベレージ(5分平均)」とエージェントは「prod-monday-web-01 またはすべて」と障害状態は「障害状態」であればページ取得してください。,http://origin1/projects/kaifuku-uv-op/wiki/HowToRecoverEC2_LoadAverage,incorrect
インスタンス イベント,変化発生,prod-monday-web-01,識別子「kaifuku-uv」の場合、モジュールは「インスタンス イベント」とエージェントは「prod-monday-web-01 またはすべて」と障害状態は「変化発生」であればページ取得してください。,http://origin1/projects/kaifuku-uv-op/wiki/HowToRecoverEC2_InstanceEvent,incorrect
インスタンス ステータス,障害状態,prod-monday-web-01,識別子「kaifuku-uv」の場合、モジュールは「インスタンス ステータス」とエージェントは「prod-monday-web-01 またはすべて」と障害状態は「障害状態」であればページ取得してください。,http://origin1/projects/kaifuku-uv-op/wiki/HowToRecoverEC2_InstanceStatus,incorrect
php-fpm idleプロセス数,障害状態,prod-monday-web-01,識別子「kaifuku-uv」の場合、モジュールは「php-fpm idleプロセス数」とエージェントは「prod-monday-web-01 またはすべて」と障害状態は「障害状態」であればページ取得してください。,http://origin1/projects/kaifuku-uv-op/wiki/HowToRecoverEC2_LocalService,incorrect
nginx.service サービス稼動状態,障害状態,prod-monday-web-01,識別子「kaifuku-uv」の場合、モジュールは「nginx.service サービス稼動状態」とエージェントは「prod-monday-web-01 またはすべて」と障害状態は「障害状態」であればページ取得してください。,http://origin1/projects/kaifuku-uv-op/wiki/HowToRecoverEC2_NginxService,incorrect
/使用率,障害状態,prod-monday-web-02,識別子「kaifuku-uv」の場合、モジュールは「/使用率」とエージェントは「prod-monday-web-02 またはすべて」と障害状態は「障害状態」であればページ取得してください。,http://origin1/projects/kaifuku-uv-op/wiki/HowToRecoverEC2_DiskUsage,incorrect
chronyd プロセス数,障害状態,prod-monday-web-02,識別子「kaifuku-uv」の場合、モジュールは「chronyd プロセス数」とエージェントは「prod-monday-web-02 またはすべて」と障害状態は「障害状態」であればページ取得してください。,http://origin1/projects/kaifuku-uv-op/wiki/HowToRecoverEC2_LocalService,incorrect
crond プロセス数,障害状態,prod-monday-web-02,識別子「kaifuku-uv」の場合、モジュールは「crond プロセス数」とエージェントは「prod-monday-web-02 またはすべて」と障害状態は「障害状態」であればページ取得してください。,http://origin1/projects/kaifuku-uv-op/wiki/HowToRecoverEC2_LocalService,incorrect
f-secure-baseguard-av.service サービス稼動状態,障害状態,prod-monday-web-02,識別子「kaifuku-uv」の場合、モジュールは「f-secure-baseguard-av.service サービス稼動状態」とエージェントは「prod-monday-web-02 またはすべて」と障害状態は「障害状態」であればページ取得してください。,http://origin1/projects/kaifuku-uv-op/wiki/HowToRecoverEC2_LocalService,incorrect
f-secure-baseguard-cleanup.service サービス稼動状態,障害状態,prod-monday-web-02,識別子「kaifuku-uv」の場合、モジュールは「f-secure-baseguard-cleanup.service サービス稼動状態」とエージェントは「prod-monday-web-02 またはすべて」と障害状態は「障害状態」であればページ取得してください。,http://origin1/projects/kaifuku-uv-op/wiki/HowToRecoverEC2_LocalService,incorrect
f-secure-baseguard-doormand.service サービス稼動状態,障害状態,prod-monday-web-02,識別子「kaifuku-uv」の場合、モジュールは「f-secure-baseguard-doormand.service サービス稼動状態」とエージェントは「prod-monday-web-02 またはすべて」と障害状態は「障害状態」であればページ取得してください。,http://origin1/projects/kaifuku-uv-op/wiki/HowToRecoverEC2_LocalService,incorrect
f-secure-baseguard-icap.service サービス稼動状態,障害状態,prod-monday-web-02,識別子「kaifuku-uv」の場合、モジュールは「f-secure-baseguard-icap.service サービス稼動状態」とエージェントは「prod-monday-web-02 またはすべて」と障害状態は「障害状態」であればページ取得してください。,http://origin1/projects/kaifuku-uv-op/wiki/HowToRecoverEC2_LocalService,incorrect
f-secure-baseguard-orspgw.service サービス稼動状態,障害状態,prod-monday-web-02,識別子「kaifuku-uv」の場合、モジュールは「f-secure-baseguard-orspgw.service サービス稼動状態」とエージェントは「prod-monday-web-02 またはすべて」と障害状態は「障害状態」であればページ取得してください。,http://origin1/projects/kaifuku-uv-op/wiki/HowToRecoverEC2_LocalService,incorrect
f-secure-baseguard-telemetry.service サービス稼動状態,障害状態,prod-monday-web-02,識別子「kaifuku-uv」の場合、モジュールは「f-secure-baseguard-telemetry.service サービス稼動状態」とエージェントは「prod-monday-web-02 またはすべて」と障害状態は「障害状態」であればページ取得してください。,http://origin1/projects/kaifuku-uv-op/wiki/HowToRecoverEC2_LocalService,incorrect
f-secure-baseguard-tokenverify.service サービス稼動状態,障害状態,prod-monday-web-02,識別子「kaifuku-uv」の場合、モジュールは「f-secure-baseguard-tokenverify.service サービス稼動状態」とエージェントは「prod-monday-web-02 またはすべて」と障害状態は「障害状態」であればページ取得してください。,http://origin1/projects/kaifuku-uv-op/wiki/HowToRecoverEC2_LocalService,incorrect
f-secure-linuxsecurity-lspmd.service サービス稼動状態,障害状態,prod-monday-web-02,識別子「kaifuku-uv」の場合、モジュールは「f-secure-linuxsecurity-lspmd.service サービス稼動状態」とエージェントは「prod-monday-web-02 またはすべて」と障害状態は「障害状態」であればページ取得してください。,http://origin1/projects/kaifuku-uv-op/wiki/HowToRecoverEC2_LocalService,incorrect
f-secure-linuxsecurity-scand.service サービス稼動状態,障害状態,prod-monday-web-02,識別子「kaifuku-uv」の場合、モジュールは「f-secure-linuxsecurity-scand.service サービス稼動状態」とエージェントは「prod-monday-web-02 またはすべて」と障害状態は「障害状態」であればページ取得してください。,http://origin1/projects/kaifuku-uv-op/wiki/HowToRecoverEC2_LocalService,incorrect
f-secure-linuxsecurity-statusd.service サービス稼動状態,障害状態,prod-monday-web-02,識別子「kaifuku-uv」の場合、モジュールは「f-secure-linuxsecurity-statusd.service サービス稼動状態」とエージェントは「prod-monday-web-02 またはすべて」と障害状態は「障害状態」であればページ取得してください。,http://origin1/projects/kaifuku-uv-op/wiki/HowToRecoverEC2_LocalService,incorrect
f-secure-linuxsecurity-webserver.service サービス稼動状態,障害状態,prod-monday-web-02,識別子「kaifuku-uv」の場合、モジュールは「f-secure-linuxsecurity-webserver.service サービス稼動状態」とエージェントは「prod-monday-web-02 またはすべて」と障害状態は「障害状態」であればページ取得してください。,http://origin1/projects/kaifuku-uv-op/wiki/HowToRecoverEC2_LocalService,incorrect
rsyslogd プロセス数,障害状態,prod-monday-web-02,識別子「kaifuku-uv」の場合、モジュールは「rsyslogd プロセス数」とエージェントは「prod-monday-web-02 またはすべて」と障害状態は「障害状態」であればページ取得してください。,http://origin1/projects/kaifuku-uv-op/wiki/HowToRecoverEC2_LocalService,incorrect
sshd プロセス数,障害状態,prod-monday-web-02,識別子「kaifuku-uv」の場合、モジュールは「sshd プロセス数」とエージェントは「prod-monday-web-02 またはすべて」と障害状態は「障害状態」であればページ取得してください。,http://origin1/projects/kaifuku-uv-op/wiki/HowToRecoverEC2_LocalService,incorrect
ロードアベレージ(1分平均),障害状態,prod-monday-web-02,識別子「kaifuku-uv」の場合、モジュールは「ロードアベレージ(1分平均)」とエージェントは「prod-monday-web-02 またはすべて」と障害状態は「障害状態」であればページ取得してください。,http://34.146.243.82/projects/kaifuku-uv-op/wiki/HowToRecoverEC2_LoadAverage,incorrect
ロードアベレージ(5分平均),障害状態,prod-monday-web-02,識別子「kaifuku-uv」の場合、モジュールは「ロードアベレージ(5分平均)」とエージェントは「prod-monday-web-02 またはすべて」と障害状態は「障害状態」であればページ取得してください。,http://origin1/projects/kaifuku-uv-op/wiki/HowToRecoverEC2_LoadAverage,incorrect
インスタンス ステータス,障害状態,prod-monday-web-02,識別子「kaifuku-uv」の場合、モジュールは「インスタンス ステータス」とエージェントは「prod-monday-web-02 またはすべて」と障害状態は「障害状態」であればページ取得してください。,http://origin1/projects/kaifuku-uv-op/wiki/HowToRecoverEC2_InstanceStatus,incorrect
インスタンス ステータス,警告状態,prod-monday-web-02,識別子「kaifuku-uv」の場合、モジュールは「インスタンス ステータス」とエージェントは「prod-monday-web-02 またはすべて」と障害状態は「警告状態」であればページ取得してください。,http://origin1/projects/kaifuku-uv-op/wiki/HowToRecoverEC2_InstanceStatus,incorrect
php-fpm idleプロセス数,障害状態,prod-monday-web-02,識別子「kaifuku-uv」の場合、モジュールは「php-fpm idleプロセス数」とエージェントは「prod-monday-web-02 またはすべて」と障害状態は「障害状態」であればページ取得してください。,http://origin1/projects/kaifuku-uv-op/wiki/HowToRecoverEC2_LocalService,incorrect
nginx.service サービス稼動状態,障害状態,prod-monday-web-02,識別子「kaifuku-uv」の場合、モジュールは「nginx.service サービス稼動状態」とエージェントは「prod-monday-web-02 またはすべて」と障害状態は「障害状態」であればページ取得してください。,http://origin1/projects/kaifuku-uv-op/wiki/HowToRecoverEC2_NginxService,incorrect
/使用率,障害状態,stg-monday-web-01,識別子「kaifuku-uv」の場合、モジュールは「/使用率」とエージェントは「stg-monday-web-01 またはすべて」と障害状態は「障害状態」であればページ取得してください。,http://34.146.243.82/projects/kaifuku-uv-op/wiki/HowToRecoverEC2_DiskUsage,incorrect
chronyd プロセス数,障害状態,stg-monday-web-01,識別子「kaifuku-uv」の場合、モジュールは「chronyd プロセス数」とエージェントは「stg-monday-web-01 またはすべて」と障害状態は「障害状態」であればページ取得してください。,http://origin1/projects/kaifuku-uv-op/wiki/HowToRecoverEC2_LocalService,incorrect
crond プロセス数,障害状態,stg-monday-web-01,識別子「kaifuku-uv」の場合、モジュールは「crond プロセス数」とエージェントは「stg-monday-web-01 またはすべて」と障害状態は「障害状態」であればページ取得してください。,http://origin1/projects/kaifuku-uv-op/wiki/HowToRecoverEC2_LocalService,incorrect
f-secure-baseguard-av.service サービス稼動状態,障害状態,stg-monday-web-01,識別子「kaifuku-uv」の場合、モジュールは「f-secure-baseguard-av.service サービス稼動状態」とエージェントは「stg-monday-web-01 またはすべて」と障害状態は「障害状態」であればページ取得してください。,http://origin1/projects/kaifuku-uv-op/wiki/HowToRecoverEC2_LocalService,incorrect
f-secure-baseguard-cleanup.service サービス稼動状態,障害状態,stg-monday-web-01,識別子「kaifuku-uv」の場合、モジュールは「f-secure-baseguard-cleanup.service サービス稼動状態」とエージェントは「stg-monday-web-01 またはすべて」と障害状態は「障害状態」であればページ取得してください。,http://origin1/projects/kaifuku-uv-op/wiki/HowToRecoverEC2_LocalService,incorrect
f-secure-baseguard-doormand.service サービス稼動状態,障害状態,stg-monday-web-01,識別子「kaifuku-uv」の場合、モジュールは「f-secure-baseguard-doormand.service サービス稼動状態」とエージェントは「stg-monday-web-01 またはすべて」と障害状態は「障害状態」であればページ取得してください。,http://origin1/projects/kaifuku-uv-op/wiki/HowToRecoverEC2_LocalService,incorrect
f-secure-baseguard-icap.service サービス稼動状態,障害状態,stg-monday-web-01,識別子「kaifuku-uv」の場合、モジュールは「f-secure-baseguard-icap.service サービス稼動状態」とエージェントは「stg-monday-web-01 またはすべて」と障害状態は「障害状態」であればページ取得してください。,http://origin1/projects/kaifuku-uv-op/wiki/HowToRecoverEC2_LocalService,incorrect
f-secure-baseguard-orspgw.service サービス稼動状態,障害状態,stg-monday-web-01,識別子「kaifuku-uv」の場合、モジュールは「f-secure-baseguard-orspgw.service サービス稼動状態」とエージェントは「stg-monday-web-01 またはすべて」と障害状態は「障害状態」であればページ取得してください。,http://origin1/projects/kaifuku-uv-op/wiki/HowToRecoverEC2_LocalService,incorrect
f-secure-baseguard-telemetry.service サービス稼動状態,障害状態,stg-monday-web-01,識別子「kaifuku-uv」の場合、モジュールは「f-secure-baseguard-telemetry.service サービス稼動状態」とエージェントは「stg-monday-web-01 またはすべて」と障害状態は「障害状態」であればページ取得してください。,http://origin1/projects/kaifuku-uv-op/wiki/HowToRecoverEC2_LocalService,incorrect
f-secure-baseguard-tokenverify.service サービス稼動状態,障害状態,stg-monday-web-01,識別子「kaifuku-uv」の場合、モジュールは「f-secure-baseguard-tokenverify.service サービス稼動状態」とエージェントは「stg-monday-web-01 またはすべて」と障害状態は「障害状態」であればページ取得してください。,http://origin1/projects/kaifuku-uv-op/wiki/HowToRecoverEC2_LocalService,incorrect
f-secure-linuxsecurity-lspmd.service サービス稼動状態,障害状態,stg-monday-web-01,識別子「kaifuku-uv」の場合、モジュールは「f-secure-linuxsecurity-lspmd.service サービス稼動状態」とエージェントは「stg-monday-web-01 またはすべて」と障害状態は「障害状態」であればページ取得してください。,http://origin1/projects/kaifuku-uv-op/wiki/HowToRecoverEC2_LocalService,incorrect
f-secure-linuxsecurity-scand.service サービス稼動状態,障害状態,stg-monday-web-01,識別子「kaifuku-uv」の場合、モジュールは「f-secure-linuxsecurity-scand.service サービス稼動状態」とエージェントは「stg-monday-web-01 またはすべて」と障害状態は「障害状態」であればページ取得してください。,http://origin1/projects/kaifuku-uv-op/wiki/HowToRecoverEC2_LocalService,incorrect
f-secure-linuxsecurity-statusd.service サービス稼動状態,障害状態,stg-monday-web-01,識別子「kaifuku-uv」の場合、モジュールは「f-secure-linuxsecurity-statusd.service サービス稼動状態」とエージェントは「stg-monday-web-01 またはすべて」と障害状態は「障害状態」であればページ取得してください。,http://origin1/projects/kaifuku-uv-op/wiki/HowToRecoverEC2_LocalService,incorrect
f-secure-linuxsecurity-webserver.service サービス稼動状態,障害状態,stg-monday-web-01,識別子「kaifuku-uv」の場合、モジュールは「f-secure-linuxsecurity-webserver.service サービス稼動状態」とエージェントは「stg-monday-web-01 またはすべて」と障害状態は「障害状態」であればページ取得してください。,http://origin1/projects/kaifuku-uv-op/wiki/HowToRecoverEC2_LocalService,incorrect
rsyslogd プロセス数,障害状態,stg-monday-web-01,識別子「kaifuku-uv」の場合、モジュールは「rsyslogd プロセス数」とエージェントは「stg-monday-web-01 またはすべて」と障害状態は「障害状態」であればページ取得してください。,http://origin1/projects/kaifuku-uv-op/wiki/HowToRecoverEC2_LocalService,incorrect
sshd プロセス数,障害状態,stg-monday-web-01,識別子「kaifuku-uv」の場合、モジュールは「sshd プロセス数」とエージェントは「stg-monday-web-01 またはすべて」と障害状態は「障害状態」であればページ取得してください。,http://origin1/projects/kaifuku-uv-op/wiki/HowToRecoverEC2_LocalService,incorrect
ロードアベレージ(1分平均),障害状態,stg-monday-web-01,識別子「kaifuku-uv」の場合、モジュールは「ロードアベレージ(1分平均)」とエージェントは「stg-monday-web-01 またはすべて」と障害状態は「障害状態」であればページ取得してください。,http://origin1/projects/kaifuku-uv-op/wiki/HowToRecoverEC2_LocalService,incorrect
ロードアベレージ(5分平均),障害状態,stg-monday-web-01,識別子「kaifuku-uv」の場合、モジュールは「ロードアベレージ(5分平均)」とエージェントは「stg-monday-web-01 またはすべて」と障害状態は「障害状態」であればページ取得してください。,http://origin1/projects/kaifuku-uv-op/wiki/HowToRecoverEC2_LocalService,incorrect
インスタンス イベント,変化発生,stg-monday-web-01,識別子「kaifuku-uv」の場合、モジュールは「インスタンス イベント」とエージェントは「stg-monday-web-01 またはすべて」と障害状態は「変化発生」であればページ取得してください。,http://origin1/projects/kaifuku-uv-op/wiki/HowToRecoverEC2_InstanceEvent,incorrect
インスタンス ステータス,障害状態,stg-monday-web-01,識別子「kaifuku-uv」の場合、モジュールは「インスタンス ステータス」とエージェントは「stg-monday-web-01 またはすべて」と障害状態は「障害状態」であればページ取得してください。,http://origin1/projects/kaifuku-uv-op/wiki/HowToRecoverEC2_InstanceStatus,incorrect
インスタンス ステータス,警告状態,stg-monday-web-01,識別子「kaifuku-uv」の場合、モジュールは「インスタンス ステータス」とエージェントは「stg-monday-web-01 またはすべて」と障害状態は「警告状態」であればページ取得してください。,http://origin1/projects/kaifuku-uv-op/wiki/HowToRecoverEC2_InstanceStatus,incorrect
php-fpm idleプロセス数,障害状態,stg-monday-web-01,識別子「kaifuku-uv」の場合、モジュールは「php-fpm idleプロセス数」とエージェントは「stg-monday-web-01 またはすべて」と障害状態は「障害状態」であればページ取得してください。,http://origin1/projects/kaifuku-uv-op/wiki/HowToRecoverEC2_LocalService,incorrect
nginx.service サービス稼動状態,障害状態,stg-monday-web-01,識別子「kaifuku-uv」の場合、モジュールは「nginx.service サービス稼動状態」とエージェントは「stg-monday-web-01 またはすべて」と障害状態は「障害状態」であればページ取得してください。,http://origin1/projects/kaifuku-uv-op/wiki/HowToRecoverEC2_NginxService,incorrect
/使用率,障害状態,stg-monday-web-02,識別子「kaifuku-uv」の場合、モジュールは「/使用率」とエージェントは「stg-monday-web-02 またはすべて」と障害状態は「障害状態」であればページ取得してください。,http://origin1/projects/kaifuku-uv-op/wiki/HowToRecoverEC2_DiskUsage,incorrect
chronyd プロセス数,障害状態,stg-monday-web-02,識別子「kaifuku-uv」の場合、モジュールは「chronyd プロセス数」とエージェントは「stg-monday-web-02 またはすべて」と障害状態は「障害状態」であればページ取得してください。,http://origin1/projects/kaifuku-uv-op/wiki/HowToRecoverEC2_LocalService,incorrect
crond プロセス数,障害状態,stg-monday-web-02,識別子「kaifuku-uv」の場合、モジュールは「crond プロセス数」とエージェントは「stg-monday-web-02 またはすべて」と障害状態は「障害状態」であればページ取得してください。,http://origin1/projects/kaifuku-uv-op/wiki/HowToRecoverEC2_LocalService,incorrect
f-secure-baseguard-av.service サービス稼動状態,障害状態,stg-monday-web-02,識別子「kaifuku-uv」の場合、モジュールは「f-secure-baseguard-av.service サービス稼動状態」とエージェントは「stg-monday-web-02 またはすべて」と障害状態は「障害状態」であればページ取得してください。,http://34.146.243.82/projects/kaifuku-uv-op/wiki/HowToRecoverEC2_LocalService,incorrect
f-secure-baseguard-cleanup.service サービス稼動状態,障害状態,stg-monday-web-02,識別子「kaifuku-uv」の場合、モジュールは「f-secure-baseguard-cleanup.service サービス稼動状態」とエージェントは「stg-monday-web-02 またはすべて」と障害状態は「障害状態」であればページ取得してください。,http://origin1/projects/kaifuku-uv-op/wiki/HowToRecoverEC2_LocalService,incorrect
f-secure-baseguard-doormand.service サービス稼動状態,障害状態,stg-monday-web-02,識別子「kaifuku-uv」の場合、モジュールは「f-secure-baseguard-doormand.service サービス稼動状態」とエージェントは「stg-monday-web-02 またはすべて」と障害状態は「障害状態」であればページ取得してください。,http://origin1/projects/kaifuku-uv-op/wiki/HowToRecoverEC2_LocalService,incorrect
f-secure-baseguard-icap.service サービス稼動状態,障害状態,stg-monday-web-02,識別子「kaifuku-uv」の場合、モジュールは「f-secure-baseguard-icap.service サービス稼動状態」とエージェントは「stg-monday-web-02 またはすべて」と障害状態は「障害状態」であればページ取得してください。,http://origin1/projects/kaifuku-uv-op/wiki/HowToRecoverEC2_LocalService,incorrect
f-secure-baseguard-orspgw.service サービス稼動状態,障害状態,stg-monday-web-02,識別子「kaifuku-uv」の場合、モジュールは「f-secure-baseguard-orspgw.service サービス稼動状態」とエージェントは「stg-monday-web-02 またはすべて」と障害状態は「障害状態」であればページ取得してください。,http://origin1/projects/kaifuku-uv-op/wiki/HowToRecoverEC2_LocalService,incorrect
f-secure-baseguard-telemetry.service サービス稼動状態,障害状態,stg-monday-web-02,識別子「kaifuku-uv」の場合、モジュールは「f-secure-baseguard-telemetry.service サービス稼動状態」とエージェントは「stg-monday-web-02 またはすべて」と障害状態は「障害状態」であればページ取得してください。,http://origin1/projects/kaifuku-uv-op/wiki/HowToRecoverEC2_LocalService,incorrect
f-secure-baseguard-tokenverify.service サービス稼動状態,障害状態,stg-monday-web-02,識別子「kaifuku-uv」の場合、モジュールは「f-secure-baseguard-tokenverify.service サービス稼動状態」とエージェントは「stg-monday-web-02 またはすべて」と障害状態は「障害状態」であればページ取得してください。,http://origin1/projects/kaifuku-uv-op/wiki/HowToRecoverEC2_LocalService,incorrect
f-secure-linuxsecurity-lspmd.service サービス稼動状態,障害状態,stg-monday-web-02,識別子「kaifuku-uv」の場合、モジュールは「f-secure-linuxsecurity-lspmd.service サービス稼動状態」とエージェントは「stg-monday-web-02 またはすべて」と障害状態は「障害状態」であればページ取得してください。,http://origin1/projects/kaifuku-uv-op/wiki/HowToRecoverEC2_LocalService,incorrect
f-secure-linuxsecurity-scand.service サービス稼動状態,障害状態,stg-monday-web-02,識別子「kaifuku-uv」の場合、モジュールは「f-secure-linuxsecurity-scand.service サービス稼動状態」とエージェントは「stg-monday-web-02 またはすべて」と障害状態は「障害状態」であればページ取得してください。,http://origin1/projects/kaifuku-uv-op/wiki/HowToRecoverEC2_LocalService,incorrect
f-secure-linuxsecurity-statusd.service サービス稼動状態,障害状態,stg-monday-web-02,識別子「kaifuku-uv」の場合、モジュールは「f-secure-linuxsecurity-statusd.service サービス稼動状態」とエージェントは「stg-monday-web-02 またはすべて」と障害状態は「障害状態」であればページ取得してください。,http://origin1/projects/kaifuku-uv-op/wiki/HowToRecoverEC2_LocalService,incorrect
f-secure-linuxsecurity-webserver.service サービス稼動状態,障害状態,stg-monday-web-02,識別子「kaifuku-uv」の場合、モジュールは「f-secure-linuxsecurity-webserver.service サービス稼動状態」とエージェントは「stg-monday-web-02 またはすべて」と障害状態は「障害状態」であればページ取得してください。,http://origin1/projects/kaifuku-uv-op/wiki/HowToRecoverEC2_LocalService,incorrect
rsyslogd プロセス数,障害状態,stg-monday-web-02,識別子「kaifuku-uv」の場合、モジュールは「rsyslogd プロセス数」とエージェントは「stg-monday-web-02 またはすべて」と障害状態は「障害状態」であればページ取得してください。,http://origin1/projects/kaifuku-uv-op/wiki/HowToRecoverEC2_LocalService,incorrect
sshd プロセス数,障害状態,stg-monday-web-02,識別子「kaifuku-uv」の場合、モジュールは「sshd プロセス数」とエージェントは「stg-monday-web-02 またはすべて」と障害状態は「障害状態」であればページ取得してください。,http://origin1/projects/kaifuku-uv-op/wiki/HowToRecoverEC2_LocalService,incorrect
ロードアベレージ(1分平均),障害状態,stg-monday-web-02,識別子「kaifuku-uv」の場合、モジュールは「ロードアベレージ(1分平均)」とエージェントは「stg-monday-web-02 またはすべて」と障害状態は「障害状態」であればページ取得してください。,http://origin1/projects/kaifuku-uv-op/wiki/HowToRecoverEC2_LoadAverage,incorrect
ロードアベレージ(5分平均),障害状態,stg-monday-web-02,識別子「kaifuku-uv」の場合、モジュールは「ロードアベレージ(5分平均)」とエージェントは「stg-monday-web-02 またはすべて」と障害状態は「障害状態」であればページ取得してください。,http://origin1/projects/kaifuku-uv-op/wiki/HowToRecoverEC2_LoadAverage,incorrect
インスタンス ステータス,障害状態,stg-monday-web-02,識別子「kaifuku-uv」の場合、モジュールは「インスタンス ステータス」とエージェントは「stg-monday-web-02 またはすべて」と障害状態は「障害状態」であればページ取得してください。,http://origin1/projects/kaifuku-uv-op/wiki/HowToRecoverEC2_InstanceStatus,incorrect
インスタンス ステータス,警告状態,stg-monday-web-02,識別子「kaifuku-uv」の場合、モジュールは「インスタンス ステータス」とエージェントは「stg-monday-web-02 またはすべて」と障害状態は「警告状態」であればページ取得してください。,http://origin1/projects/kaifuku-uv-op/wiki/HowToRecoverEC2_InstanceStatus,incorrect
php-fpm idleプロセス数,障害状態,stg-monday-web-02,識別子「kaifuku-uv」の場合、モジュールは「php-fpm idleプロセス数」とエージェントは「stg-monday-web-02 またはすべて」と障害状態は「障害状態」であればページ取得してください。,http://origin1/projects/kaifuku-uv-op/wiki/HowToRecoverEC2_LocalService,incorrect
nginx.service サービス稼動状態,障害状態,stg-monday-web-02,識別子「kaifuku-uv」の場合、モジュールは「nginx.service サービス稼動状態」とエージェントは「stg-monday-web-02 またはすべて」と障害状態は「障害状態」であればページ取得してください。,http://origin1/projects/kaifuku-uv-op/wiki/HowToRecoverEC2_NginxService,incorrect
Active Directory Web Servicesの状態,障害状態,NRM-AD01,識別子「nerimarubber」の場合、モジュールは「Active Directory Web Servicesの状態」とエージェントは「NRM-AD01 またはすべて」と障害状態は「障害状態」であればページ取得してください。,http://origin1/projects/nerimarubber-op/wiki/Ad_windows_service,incorrect
DFS Namespaceの状態,障害状態,NRM-AD01,識別子「nerimarubber」の場合、モジュールは「DFS Namespaceの状態」とエージェントは「NRM-AD01 またはすべて」と障害状態は「障害状態」であればページ取得してください。,http://origin1/projects/nerimarubber-op/wiki/Ad_windows_service,incorrect
DFS Replicationの状態,障害状態,NRM-AD01,識別子「nerimarubber」の場合、モジュールは「DFS Replicationの状態」とエージェントは「NRM-AD01 またはすべて」と障害状態は「障害状態」であればページ取得してください。,http://origin1/projects/nerimarubber-op/wiki/Ad_windows_service,incorrect
DNS Serverの状態,障害状態,NRM-AD01,識別子「nerimarubber」の場合、モジュールは「DNS Serverの状態」とエージェントは「NRM-AD01 またはすべて」と障害状態は「障害状態」であればページ取得してください。,http://origin1/projects/nerimarubber-op/wiki/Ad_windows_service,incorrect
Intersite Messagingの状態,障害状態,NRM-AD01,識別子「nerimarubber」の場合、モジュールは「Intersite Messagingの状態」とエージェントは「NRM-AD01 またはすべて」と障害状態は「障害状態」であればページ取得してください。,http://origin1/projects/nerimarubber-op/wiki/Ad_windows_service,incorrect
Kerberos Key Distribution Centerの状態,障害状態,NRM-AD01,識別子「nerimarubber」の場合、モジュールは「Kerberos Key Distribution Centerの状態」とエージェントは「NRM-AD01 またはすべて」と障害状態は「障害状態」であればページ取得してください。,http://origin1/projects/nerimarubber-op/wiki/Ad_windows_service,incorrect
Netlogonの状態,障害状態,NRM-AD01,識別子「nerimarubber」の場合、モジュールは「Netlogonの状態」とエージェントは「NRM-AD01 またはすべて」と障害状態は「障害状態」であればページ取得してください。,http://origin1/projects/nerimarubber-op/wiki/Ad_windows_service,incorrect
Serverの状態,障害状態,NRM-AD01,識別子「nerimarubber」の場合、モジュールは「Serverの状態」とエージェントは「NRM-AD01 またはすべて」と障害状態は「障害状態」であればページ取得してください。,http://origin1/projects/nerimarubber-op/wiki/Ad_windows_service,incorrect
Windows Timeの状態,障害状態,NRM-AD01,識別子「nerimarubber」の場合、モジュールは「Windows Timeの状態」とエージェントは「NRM-AD01 またはすべて」と障害状態は「障害状態」であればページ取得してください。,http://origin1/projects/nerimarubber-op/wiki/Ad_windows_service,incorrect
Workstationの状態,障害状態,NRM-AD01,識別子「nerimarubber」の場合、モジュールは「Workstationの状態」とエージェントは「NRM-AD01 またはすべて」と障害状態は「障害状態」であればページ取得してください。,http://origin1/projects/nerimarubber-op/wiki/Ad_windows_service,incorrect
FLYEGG Report List - Asset Snapshot Service の状態,障害状態,FLYEGGMANAGER,識別子「nerimarubber」の場合、モジュールは「FLYEGG Report List - Asset Snapshot Service の状態」とエージェントは「FLYEGGMANAGER またはすべて」と障害状態は「障害状態」であればページ取得してください。,http://origin1/projects/nerimarubber-op/wiki/Flyegg_windows_service,incorrect
SQL Server (FLYEGGMASTERSVR) の状態,障害状態,FLYEGGMANAGER,識別子「nerimarubber」の場合、モジュールは「SQL Server (FLYEGGMASTERSVR) の状態」とエージェントは「FLYEGGMANAGER またはすべて」と障害状態は「障害状態」であればページ取得してください。,http://origin1/projects/nerimarubber-op/wiki/Flyegg_windows_service,incorrect
Active Directory Web Servicesの状態,障害状態,DESK,識別子「nerimarubber」の場合、モジュールは「Active Directory Web Servicesの状態」とエージェントは「DESK またはすべて」と障害状態は「障害状態」であればページ取得してください。,http://origin1/projects/nerimarubber-op/wiki/Ad_windows_service,incorrect
DFS Namespaceの状態,障害状態,DESK,識別子「nerimarubber」の場合、モジュールは「DFS Namespaceの状態」とエージェントは「DESK またはすべて」と障害状態は「障害状態」であればページ取得してください。,http://origin1/projects/nerimarubber-op/wiki/Ad_windows_service,incorrect
DFS Replicationの状態,障害状態,DESK,識別子「nerimarubber」の場合、モジュールは「DFS Replicationの状態」とエージェントは「DESK またはすべて」と障害状態は「障害状態」であればページ取得してください。,http://origin1/projects/nerimarubber-op/wiki/Ad_windows_service,incorrect
DNS Serverの状態,障害状態,DESK,識別子「nerimarubber」の場合、モジュールは「DNS Serverの状態」とエージェントは「DESK またはすべて」と障害状態は「障害状態」であればページ取得してください。,http://origin1/projects/nerimarubber-op/wiki/Ad_windows_service,incorrect
Intersite Messagingの状態,障害状態,DESK,識別子「nerimarubber」の場合、モジュールは「Intersite Messagingの状態」とエージェントは「DESK またはすべて」と障害状態は「障害状態」であればページ取得してください。,http://origin1/projects/nerimarubber-op/wiki/Ad_windows_service,incorrect
Kerberos Key Distribution Centerの状態,障害状態,DESK,識別子「nerimarubber」の場合、モジュールは「Kerberos Key Distribution Centerの状態」とエージェントは「DESK またはすべて」と障害状態は「障害状態」であればページ取得してください。,http://origin1/projects/nerimarubber-op/wiki/Ad_windows_service,incorrect
Netlogonの状態,障害状態,DESK,識別子「nerimarubber」の場合、モジュールは「Netlogonの状態」とエージェントは「DESK またはすべて」と障害状態は「障害状態」であればページ取得してください。,http://origin1/projects/nerimarubber-op/wiki/Ad_windows_service,incorrect
Serverの状態,障害状態,DESK,識別子「nerimarubber」の場合、モジュールは「Serverの状態」とエージェントは「DESK またはすべて」と障害状態は「障害状態」であればページ取得してください。,http://origin1/projects/nerimarubber-op/wiki/Ad_windows_service,incorrect
Windows Timeの状態,障害状態,DESK,識別子「nerimarubber」の場合、モジュールは「Windows Timeの状態」とエージェントは「DESK またはすべて」と障害状態は「障害状態」であればページ取得してください。,http://origin1/projects/nerimarubber-op/wiki/Ad_windows_service,incorrect
Workstationの状態,障害状態,DESK,識別子「nerimarubber」の場合、モジュールは「Workstationの状態」とエージェントは「DESK またはすべて」と障害状態は「障害状態」であればページ取得してください。,http://origin1/projects/nerimarubber-op/wiki/Ad_windows_service,incorrect
docker-proxy応答(mysqld:3306),障害状態,mansion-art-specialist,識別子「kaifuku-tp」の場合、モジュールは「docker-proxy応答(mysqld:3306)」とエージェントは「mansion-art-specialist またはすべて」と障害状態は「障害状態」であればページ取得してください。,http://origin1/projects/kaifuku-tp-op/wiki/HowToRecoverdocker-proxyResponse,incorrect
docker-proxy応答(nginx:443),障害状態,mansion-art-specialist,識別子「kaifuku-tp」の場合、モジュールは「docker-proxy応答(nginx:443)」とエージェントは「mansion-art-specialist またはすべて」と障害状態は「障害状態」であればページ取得してください。,http://origin1/projects/kaifuku-tp-op/wiki/HowToRecoverdocker-proxyResponse,incorrect
docker-proxy応答(nginx:80),障害状態,mansion-art-specialist,識別子「kaifuku-tp」の場合、モジュールは「docker-proxy応答(nginx:80)」とエージェントは「mansion-art-specialist またはすべて」と障害状態は「障害状態」であればページ取得してください。,http://origin1/projects/kaifuku-tp-op/wiki/HowToRecoverdocker-proxyResponse,incorrect
docker-proxy応答(php-fpm:9000),障害状態,mansion-art-specialist,識別子「kaifuku-tp」の場合、モジュールは「docker-proxy応答(php-fpm:9000)」とエージェントは「mansion-art-specialist またはすべて」と障害状態は「障害状態」であればページ取得してください。,http://origin1/projects/kaifuku-tp-op/wiki/HowToRecoverdocker-proxyResponse,incorrect
docker-proxy応答(postfix:587),障害状態,mansion-art-specialist,識別子「kaifuku-tp」の場合、モジュールは「docker-proxy応答(postfix:587)」とエージェントは「mansion-art-specialist またはすべて」と障害状態は「障害状態」であればページ取得してください。,http://origin1/projects/kaifuku-tp-op/wiki/HowToRecoverdocker-proxyResponse,incorrect
https://xxxxxxxx.jp/xxxxxx/ 応答秒数,障害状態,mansion-art-specialist,識別子「kaifuku-tp」の場合、モジュールは「https://xxxxxxxx.jp/xxxxxx/ 応答秒数」とエージェントは「mansion-art-specialist またはすべて」と障害状態は「障害状態」であればページ取得してください。,http://origin1/projects/kaifuku-tp-op/wiki/HowToRecoverURLResponse,incorrect
rsyslogdプロセス数,障害状態,mansion-art-specialist,識別子「kaifuku-tp」の場合、モジュールは「rsyslogdプロセス数」とエージェントは「mansion-art-specialist またはすべて」と障害状態は「障害状態」であればページ取得してください。,http://origin1/projects/kaifuku-tp-op/wiki/HowToRecoverrsyslogdProcess,incorrect
Instance Status,障害状態,registration-prd,識別子「kaifuku-bcg」の場合、モジュールは「Instance Status」とエージェントは「registration-prd またはすべて」と障害状態は「障害状態」であればページ取得してください。,http://origin1/projects/kaifuku-bcg-op/wiki/HowToRecoverRDS_Instance_Status,incorrect
sshd応答(22番ポート),障害状態,registration-web-server-prd,識別子「kaifuku-bcg」の場合、モジュールは「sshd応答(22番ポート)」とエージェントは「registration-web-server-prd またはすべて」と障害状態は「障害状態」であればページ取得してください。,http://origin1/projects/kaifuku-bcg-op/wiki/HowToRecoversshdResponse,incorrect
rsyslogdプロセス数,障害状態,registration-web-server-prd,識別子「kaifuku-bcg」の場合、モジュールは「rsyslogdプロセス数」とエージェントは「registration-web-server-prd またはすべて」と障害状態は「障害状態」であればページ取得してください。,http://origin1/projects/kaifuku-bcg-op/wiki/HowToRecoverrsyslogdProcess,incorrect
BackendConnectionErrors,障害状態,﻿elb-prd-admin,識別子「kaifuku-map」の場合、モジュールは「BackendConnectionErrors」とエージェントは「﻿elb-prd-admin またはすべて」と障害状態は「障害状態」であればページ取得してください。,http://origin1/projects/kaifuku-map-op/wiki/HowToRecoverELB_BackendConnectionErrors,incorrect
UnHealthyHostCount,障害状態,elb-prd-admin,識別子「kaifuku-map」の場合、モジュールは「UnHealthyHostCount」とエージェントは「elb-prd-admin またはすべて」と障害状態は「障害状態」であればページ取得してください。,http://origin1/projects/kaifuku-map-op/wiki/HowToRecoverELB_UnHealthyHostCount,incorrect
https://operator.phone-ticket.com/shipImage/ 応答コード,障害状態,elb-prd-admin,識別子「kaifuku-map」の場合、モジュールは「https://operator.phone-ticket.com/shipImage/ 応答コード」とエージェントは「elb-prd-admin またはすべて」と障害状態は「障害状態」であればページ取得してください。,http://origin1/projects/kaifuku-map-op/wiki/HowToRecoverURLResponse,incorrect
https://operator.phone-ticket.com/shipImage/ 応答秒数,障害状態,elb-prd-admin,識別子「kaifuku-map」の場合、モジュールは「https://operator.phone-ticket.com/shipImage/ 応答秒数」とエージェントは「elb-prd-admin またはすべて」と障害状態は「障害状態」であればページ取得してください。,http://origin1/projects/kaifuku-map-op/wiki/HowToRecoverURLResponse,incorrect
BackendConnectionErrors,障害状態,elb-prd-web,識別子「kaifuku-map」の場合、モジュールは「BackendConnectionErrors」とエージェントは「elb-prd-web またはすべて」と障害状態は「障害状態」であればページ取得してください。,http://origin1/projects/kaifuku-map-op/wiki/HowToRecoverELB_BackendConnectionErrors,incorrect
UnHealthyHostCount,障害状態,elb-prd-web,識別子「kaifuku-map」の場合、モジュールは「UnHealthyHostCount」とエージェントは「elb-prd-web またはすべて」と障害状態は「障害状態」であればページ取得してください。,http://origin1/projects/kaifuku-map-op/wiki/HowToRecoverELB_UnHealthyHostCount,incorrect
rsyslogdプロセス数,障害状態,prd-admin,識別子「kaifuku-map」の場合、モジュールは「rsyslogdプロセス数」とエージェントは「prd-admin またはすべて」と障害状態は「障害状態」であればページ取得してください。,http://origin1/projects/kaifuku-map-op/wiki/HowToRecoverrsyslogdProcess,incorrect
s3接続監視(/s3mnt/),障害状態,prd-admin,識別子「kaifuku-map」の場合、モジュールは「s3接続監視(/s3mnt/)」とエージェントは「prd-admin またはすべて」と障害状態は「障害状態」であればページ取得してください。,http://origin1/projects/kaifuku-map-op/wiki/HowToRecovers3fswriteread,incorrect
sshd応答(22番ポート),障害状態,prd-admin,識別子「kaifuku-map」の場合、モジュールは「sshd応答(22番ポート)」とエージェントは「prd-admin またはすべて」と障害状態は「障害状態」であればページ取得してください。,http://origin1/projects/kaifuku-map-op/wiki/HowToRecoversshdResponse,incorrect
インスタンス イベント,障害状態,prd-admin,識別子「kaifuku-map」の場合、モジュールは「インスタンス イベント」とエージェントは「prd-admin またはすべて」と障害状態は「障害状態」であればページ取得してください。,http://origin1/projects/kaifuku-map-op/wiki/HowToRecoverInstanceEvent,incorrect
/使用率,障害状態,prd-admin,識別子「kaifuku-map」の場合、モジュールは「/使用率」とエージェントは「prd-admin またはすべて」と障害状態は「障害状態」であればページ取得してください。,http://origin1/projects/kaifuku-map-op/wiki/HowToRecoverDiskUsage,incorrect
AWS RDS メンテナンスイベント取得,変化発生,prd-rds2,識別子「kaifuku-map」の場合、モジュールは「AWS RDS メンテナンスイベント取得」とエージェントは「prd-rds2 またはすべて」と障害状態は「変化発生」であればページ取得してください。,http://origin1/projects/kaifuku-map-op/wiki/HowToRecoverRDS_maintenanceevent,incorrect
FreeStorageSpace,障害状態,prd-rds2,識別子「kaifuku-map」の場合、モジュールは「FreeStorageSpace」とエージェントは「prd-rds2 またはすべて」と障害状態は「障害状態」であればページ取得してください。,http://origin1/projects/kaifuku-map-op/wiki/HowToRecoverRDS_FreeStorageSpace,incorrect
httpd応答(80番ポート),障害状態,prd-web-01,識別子「kaifuku-map」の場合、モジュールは「httpd応答(80番ポート)」とエージェントは「prd-web-01 またはすべて」と障害状態は「障害状態」であればページ取得してください。,http://origin1/projects/kaifuku-map-op/wiki/HowToRecoverhttpdPort,incorrect
rsyslogdプロセス数,障害状態,prd-web-01,識別子「kaifuku-map」の場合、モジュールは「rsyslogdプロセス数」とエージェントは「prd-web-01 またはすべて」と障害状態は「障害状態」であればページ取得してください。,http://origin1/projects/kaifuku-map-op/wiki/HowToRecoverrsyslogdProcess,incorrect
s3接続監視(/s3mnt_new/),障害状態,prd-web-01,識別子「kaifuku-map」の場合、モジュールは「s3接続監視(/s3mnt_new/)」とエージェントは「prd-web-01 またはすべて」と障害状態は「障害状態」であればページ取得してください。,http://origin1/projects/kaifuku-map-op/wiki/HowToRecovers3fswriteread,incorrect
インスタンス イベント,障害状態,prd-web-01,識別子「kaifuku-map」の場合、モジュールは「インスタンス イベント」とエージェントは「prd-web-01 またはすべて」と障害状態は「障害状態」であればページ取得してください。,http://origin1/projects/kaifuku-map-op/wiki/HowToRecoverInstanceEvent,incorrect
ロードアベレージ(5分平均),障害状態,prd-web-01,識別子「kaifuku-map」の場合、モジュールは「ロードアベレージ(5分平均)」とエージェントは「prd-web-01 またはすべて」と障害状態は「障害状態」であればページ取得してください。,http://origin1/projects/kaifuku-map-op/wiki/HowToRecoverEC2_LoadAverage,incorrect
httpd応答(80番ポート),障害状態,prd-web-02,識別子「kaifuku-map」の場合、モジュールは「httpd応答(80番ポート)」とエージェントは「prd-web-02 またはすべて」と障害状態は「障害状態」であればページ取得してください。,http://origin1/projects/kaifuku-map-op/wiki/HowToRecoverhttpdPort,incorrect
s3接続監視(/s3mnt/),障害状態,prd-web-02,識別子「kaifuku-map」の場合、モジュールは「s3接続監視(/s3mnt/)」とエージェントは「prd-web-02 またはすべて」と障害状態は「障害状態」であればページ取得してください。,http://origin1/projects/kaifuku-map-op/wiki/HowToRecovers3fswriteread,incorrect
sshd応答(22番ポート),障害状態,prd-web-02,識別子「kaifuku-map」の場合、モジュールは「sshd応答(22番ポート)」とエージェントは「prd-web-02 またはすべて」と障害状態は「障害状態」であればページ取得してください。,http://origin1/projects/kaifuku-map-op/wiki/HowToRecoversshdResponse,incorrect
インスタンス イベント,障害状態,prd-web-02,識別子「kaifuku-map」の場合、モジュールは「インスタンス イベント」とエージェントは「prd-web-02 またはすべて」と障害状態は「障害状態」であればページ取得してください。,http://origin1/projects/kaifuku-map-op/wiki/HowToRecoverInstanceEvent,incorrect
ロードアベレージ(5分平均),障害状態,prd-web-02,識別子「kaifuku-map」の場合、モジュールは「ロードアベレージ(5分平均)」とエージェントは「prd-web-02 またはすべて」と障害状態は「障害状態」であればページ取得してください。,http://origin1/projects/kaifuku-map-op/wiki/HowToRecoverEC2_LoadAverage,incorrect
ロードアベレージ(15分平均),障害状態,prd-web-02,識別子「kaifuku-map」の場合、モジュールは「ロードアベレージ(15分平均)」とエージェントは「prd-web-02 またはすべて」と障害状態は「障害状態」であればページ取得してください。,http://origin1/projects/kaifuku-map-op/wiki/HowToRecoverEC2_LoadAverage,incorrect
AWS RDS メンテナンスイベント取得,変化発生,﻿milk-db-03,識別子「kaifuku-lab」の場合、モジュールは「AWS RDS メンテナンスイベント取得」とエージェントは「﻿milk-db-03 またはすべて」と障害状態は「変化発生」であればページ取得してください。,http://origin1/projects/kaifuku-lab-op/wiki/HowToRecoverRDS_maintenanceevent,incorrect
https://xxxxxx.xxxxxxxxx.com/ 応答コード,障害状態,milk-elb-01,識別子「kaifuku-lab」の場合、モジュールは「https://xxxxxx.xxxxxxxxx.com/ 応答コード」とエージェントは「milk-elb-01 またはすべて」と障害状態は「障害状態」であればページ取得してください。,http://origin1/projects/kaifuku-lab-op/wiki/HowToRecoverURLResponse,incorrect
https://xxxxxx.xxxxxxxxx.com/ 応答秒数,障害状態,milk-elb-01,識別子「kaifuku-lab」の場合、モジュールは「https://xxxxxx.xxxxxxxxx.com/ 応答秒数」とエージェントは「milk-elb-01 またはすべて」と障害状態は「障害状態」であればページ取得してください。,http://origin1/projects/kaifuku-lab-op/wiki/HowToRecoverURLResponse,incorrect
UnHealthyHostCount,障害状態,milk-elb-01,識別子「kaifuku-lab」の場合、モジュールは「UnHealthyHostCount」とエージェントは「milk-elb-01 またはすべて」と障害状態は「障害状態」であればページ取得してください。,http://origin1/projects/kaifuku-lab-op/wiki/HowToRecoverELB_UnHealthyHostCount,incorrect
master応答(25番ポート),障害状態,milk_mail_01,識別子「kaifuku-lab」の場合、モジュールは「master応答(25番ポート)」とエージェントは「milk_mail_01 またはすべて」と障害状態は「障害状態」であればページ取得してください。,http://origin1/projects/kaifuku-lab-op/wiki/HowToRecovermasterPort,incorrect
master応答(587番ポート),障害状態,milk_mail_01,識別子「kaifuku-lab」の場合、モジュールは「master応答(587番ポート)」とエージェントは「milk_mail_01 またはすべて」と障害状態は「障害状態」であればページ取得してください。,http://origin1/projects/kaifuku-lab-op/wiki/HowToRecovermasterPort,incorrect
sshd応答(22番ポート),障害状態,milk_mail_01,識別子「kaifuku-lab」の場合、モジュールは「sshd応答(22番ポート)」とエージェントは「milk_mail_01 またはすべて」と障害状態は「障害状態」であればページ取得してください。,http://origin1/projects/kaifuku-lab-op/wiki/HowToRecoversshdResponse,incorrect
インターネット経由ssh応答(111.111.222.222),障害状態,milk_mail_01,識別子「kaifuku-lab」の場合、モジュールは「インターネット経由ssh応答(111.111.222.222)」とエージェントは「milk_mail_01 またはすべて」と障害状態は「障害状態」であればページ取得してください。,http://origin1/projects/kaifuku-lab-op/wiki/HowToRecoversshdResponse,incorrect
インスタンス ステータス,警告状態,milk_mail_01,識別子「kaifuku-lab」の場合、モジュールは「インスタンス ステータス」とエージェントは「milk_mail_01 またはすべて」と障害状態は「警告状態」であればページ取得してください。,http://origin1/projects/kaifuku-lab-op/wiki/HowToRecoverInstanceStatus,incorrect
ロードアベレージ(15分平均),警告状態,milk_mail_01,識別子「kaifuku-lab」の場合、モジュールは「ロードアベレージ(15分平均)」とエージェントは「milk_mail_01 またはすべて」と障害状態は「警告状態」であればページ取得してください。,http://origin1/projects/kaifuku-lab-op/wiki/HowToRecoverEC2_LoadAverage,incorrect
ロードアベレージ(1分平均),警告状態,milk_mail_01,識別子「kaifuku-lab」の場合、モジュールは「ロードアベレージ(1分平均)」とエージェントは「milk_mail_01 またはすべて」と障害状態は「警告状態」であればページ取得してください。,http://origin1/projects/kaifuku-lab-op/wiki/HowToRecoverEC2_LoadAverage,incorrect
ロードアベレージ(5分平均),警告状態,milk_mail_01,識別子「kaifuku-lab」の場合、モジュールは「ロードアベレージ(5分平均)」とエージェントは「milk_mail_01 またはすべて」と障害状態は「警告状態」であればページ取得してください。,http://origin1/projects/kaifuku-lab-op/wiki/HowToRecoverEC2_LoadAverage,incorrect
ロードアベレージ(15分平均),障害状態,milk_mail_01,識別子「kaifuku-lab」の場合、モジュールは「ロードアベレージ(15分平均)」とエージェントは「milk_mail_01 またはすべて」と障害状態は「障害状態」であればページ取得してください。,http://origin1/projects/kaifuku-lab-op/wiki/HowToRecoverEC2_LoadAverage,incorrect
ロードアベレージ(1分平均),障害状態,milk_mail_01,識別子「kaifuku-lab」の場合、モジュールは「ロードアベレージ(1分平均)」とエージェントは「milk_mail_01 またはすべて」と障害状態は「障害状態」であればページ取得してください。,http://origin1/projects/kaifuku-lab-op/wiki/HowToRecoverEC2_LoadAverage,incorrect
ロードアベレージ(5分平均),障害状態,milk_mail_01,識別子「kaifuku-lab」の場合、モジュールは「ロードアベレージ(5分平均)」とエージェントは「milk_mail_01 またはすべて」と障害状態は「障害状態」であればページ取得してください。,http://origin1/projects/kaifuku-lab-op/wiki/HowToRecoverEC2_LoadAverage,incorrect
Instance Status on,障害状態,milk_web_01,識別子「kaifuku-lab」の場合、モジュールは「Instance Status on」とエージェントは「milk_web_01 またはすべて」と障害状態は「障害状態」であればページ取得してください。,http://origin1/projects/kaifuku-lab-op/wiki/HowToRecoverInstaceStatusOnELB,incorrect
MySQL応答,障害状態,milk_web_01,識別子「kaifuku-lab」の場合、モジュールは「MySQL応答」とエージェントは「milk_web_01 またはすべて」と障害状態は「障害状態」であればページ取得してください。,http://origin1/projects/kaifuku-lab-op/wiki/HowToRecoverMySQL_response,incorrect
インターネット経由ssh応答(111.111.200.200),障害状態,milk_web_01,識別子「kaifuku-lab」の場合、モジュールは「インターネット経由ssh応答(111.111.200.200)」とエージェントは「milk_web_01 またはすべて」と障害状態は「障害状態」であればページ取得してください。,http://origin1/projects/kaifuku-lab-op/wiki/HowToRecoversshdResponse,incorrect
インスタンス ステータス,警告状態,milk_web_01,識別子「kaifuku-lab」の場合、モジュールは「インスタンス ステータス」とエージェントは「milk_web_01 またはすべて」と障害状態は「警告状態」であればページ取得してください。,http://origin1/projects/kaifuku-lab-op/wiki/HowToRecoverInstanceStatus,incorrect
ロードアベレージ(15分平均),警告状態,milk_web_01,識別子「kaifuku-lab」の場合、モジュールは「ロードアベレージ(15分平均)」とエージェントは「milk_web_01 またはすべて」と障害状態は「警告状態」であればページ取得してください。,http://origin1/projects/kaifuku-lab-op/wiki/HowToRecoverEC2_LoadAverage,incorrect
ロードアベレージ(1分平均),警告状態,milk_web_01,識別子「kaifuku-lab」の場合、モジュールは「ロードアベレージ(1分平均)」とエージェントは「milk_web_01 またはすべて」と障害状態は「警告状態」であればページ取得してください。,http://origin1/projects/kaifuku-lab-op/wiki/HowToRecoverEC2_LoadAverage,incorrect
ロードアベレージ(15分平均),障害状態,milk_web_01,識別子「kaifuku-lab」の場合、モジュールは「ロードアベレージ(15分平均)」とエージェントは「milk_web_01 またはすべて」と障害状態は「障害状態」であればページ取得してください。,http://origin1/projects/kaifuku-lab-op/wiki/HowToRecoverEC2_LoadAverage,incorrect
ロードアベレージ(1分平均),障害状態,milk_web_01,識別子「kaifuku-lab」の場合、モジュールは「ロードアベレージ(1分平均)」とエージェントは「milk_web_01 またはすべて」と障害状態は「障害状態」であればページ取得してください。,http://origin1/projects/kaifuku-lab-op/wiki/HowToRecoverEC2_LoadAverage,incorrect
Instance Status on,障害状態,milk_web_02,識別子「kaifuku-lab」の場合、モジュールは「Instance Status on」とエージェントは「milk_web_02 またはすべて」と障害状態は「障害状態」であればページ取得してください。,http://origin1/projects/kaifuku-lab-op/wiki/HowToRecoverInstaceStatusOnELB,incorrect
MySQL応答,障害状態,milk_web_02,識別子「kaifuku-lab」の場合、モジュールは「MySQL応答」とエージェントは「milk_web_02 またはすべて」と障害状態は「障害状態」であればページ取得してください。,http://origin1/projects/kaifuku-lab-op/wiki/HowToRecoverMySQL_response,incorrect
ロードアベレージ(15分平均),警告状態,milk_web_02,識別子「kaifuku-lab」の場合、モジュールは「ロードアベレージ(15分平均)」とエージェントは「milk_web_02 またはすべて」と障害状態は「警告状態」であればページ取得してください。,http://origin1/projects/kaifuku-lab-op/wiki/HowToRecoverEC2_LoadAverage,incorrect
ロードアベレージ(1分平均),警告状態,milk_web_02,識別子「kaifuku-lab」の場合、モジュールは「ロードアベレージ(1分平均)」とエージェントは「milk_web_02 またはすべて」と障害状態は「警告状態」であればページ取得してください。,http://origin1/projects/kaifuku-lab-op/wiki/HowToRecoverEC2_LoadAverage,incorrect
ロードアベレージ(15分平均),障害状態,milk_web_02,識別子「kaifuku-lab」の場合、モジュールは「ロードアベレージ(15分平均)」とエージェントは「milk_web_02 またはすべて」と障害状態は「障害状態」であればページ取得してください。,http://origin1/projects/kaifuku-lab-op/wiki/HowToRecoverEC2_LoadAverage,incorrect
D:空き率,障害状態,PANEL30,識別子「ladderpencil」の場合、モジュールは「D:空き率」とエージェントは「PANEL30 またはすべて」と障害状態は「障害状態」であればページ取得してください。,http://origin1/projects/ladderpencil-op/wiki/Disk_usage,incorrect
Instance Status Check,警告状態,PANEL30,識別子「ladderpencil」の場合、モジュールは「Instance Status Check」とエージェントは「PANEL30 またはすべて」と障害状態は「警告状態」であればページ取得してください。,http://origin1/projects/ladderpencil-op/wiki/Instance_status_check_warning,incorrect
Instance Status Check,警告状態,redmine,識別子「ladderpencil」の場合、モジュールは「Instance Status Check」とエージェントは「redmine またはすべて」と障害状態は「警告状態」であればページ取得してください。,http://origin1/projects/ladderpencil-op/wiki/Instance_status_check_warning,incorrect
crondプロセス数,障害状態,doctorproxy,識別子「ladderpencil」の場合、モジュールは「crondプロセス数」とエージェントは「doctorproxy またはすべて」と障害状態は「障害状態」であればページ取得してください。,http://origin1/projects/ladderpencil-op/wiki/Systemd_process,incorrect
httpdプロセス数,障害状態,doctorproxy,識別子「ladderpencil」の場合、モジュールは「httpdプロセス数」とエージェントは「doctorproxy またはすべて」と障害状態は「障害状態」であればページ取得してください。,http://origin1/projects/ladderpencil-op/wiki/Httpd_process,incorrect
Instance Maintenance Events,障害状態,doctorproxy,識別子「ladderpencil」の場合、モジュールは「Instance Maintenance Events」とエージェントは「doctorproxy またはすべて」と障害状態は「障害状態」であればページ取得してください。,http://origin1/projects/ladderpencil-op/wiki/Instance_events,incorrect
rsyslogdプロセス数,障害状態,doctorproxy,識別子「ladderpencil」の場合、モジュールは「rsyslogdプロセス数」とエージェントは「doctorproxy またはすべて」と障害状態は「障害状態」であればページ取得してください。,http://origin1/projects/ladderpencil-op/wiki/Systemd_process,incorrect
sshdプロセス数,障害状態,doctorproxy,識別子「ladderpencil」の場合、モジュールは「sshdプロセス数」とエージェントは「doctorproxy またはすべて」と障害状態は「障害状態」であればページ取得してください。,http://origin1/projects/ladderpencil-op/wiki/Sshd_process,incorrect
Instance Status Check,警告状態,doctorproxy,識別子「ladderpencil」の場合、モジュールは「Instance Status Check」とエージェントは「doctorproxy またはすべて」と障害状態は「警告状態」であればページ取得してください。,http://origin1/projects/ladderpencil-op/wiki/Instance_status_check_warning,incorrect
システム稼働時間,障害状態,doctorproxy,識別子「ladderpencil」の場合、モジュールは「システム稼働時間」とエージェントは「doctorproxy またはすべて」と障害状態は「障害状態」であればページ取得してください。,http://origin1/projects/ladderpencil-op/wiki/System_reboot,incorrect
C:空き率,障害状態,SILK,識別子「ladderpencil」の場合、モジュールは「C:空き率」とエージェントは「SILK またはすべて」と障害状態は「障害状態」であればページ取得してください。,http://origin1/projects/ladderpencil-op/wiki/Disk_usage,incorrect
BOAT バックアップ 00001-増分,障害状態,SILK,識別子「ladderpencil」の場合、モジュールは「BOAT バックアップ 00001-増分」とエージェントは「SILK またはすべて」と障害状態は「障害状態」であればページ取得してください。,http://origin1/projects/ladderpencil-op/wiki/Backup_error,incorrect
インスタンスイベント,変化発生,﻿stowergk,識別子「sjourneytoy」の場合、モジュールは「インスタンスイベント」とエージェントは「﻿stowergk またはすべて」であればページ取得してください。,http://origin1/projects/sjourneytoy-op/wiki/%E3%83%A1%E3%83%B3%E3%83%86%E3%83%8A%E3%83%B3%E3%82%B9%E3%82%A4%E3%83%99%E3%83%B3%E3%83%88,incorrect
chronydプロセス,障害状態,stowergk,識別子「sjourneytoy」の場合、モジュールは「chronydプロセス」とエージェントは「stowergk またはすべて」であればページ取得してください。,http://origin1/projects/sjourneytoy-op/wiki/Linux%E3%82%B7%E3%82%B9%E3%83%86%E3%83%A0%E3%83%97%E3%83%AD%E3%82%BB%E3%82%B9%E9%9A%9C%E5%AE%B3,incorrect
httpポート状態,障害状態,stowergk,識別子「sjourneytoy」の場合、モジュールは「httpポート状態」とエージェントは「stowergk またはすべて」であればページ取得してください。,http://origin1/projects/sjourneytoy-op/wiki/Linux_http%E3%83%9D%E3%83%BC%E3%83%88%E6%8E%A5%E7%B6%9A%E9%9A%9C%E5%AE%B3,incorrect
masterプロセス,障害状態,stowergk,識別子「sjourneytoy」の場合、モジュールは「masterプロセス」とエージェントは「stowergk またはすべて」であればページ取得してください。,http://origin1/projects/sjourneytoy-op/wiki/Linux%E3%82%B7%E3%82%B9%E3%83%86%E3%83%A0%E3%83%97%E3%83%AD%E3%82%BB%E3%82%B9%E9%9A%9C%E5%AE%B3,incorrect
rsyslogdプロセス,障害状態,stowergk,識別子「sjourneytoy」の場合、モジュールは「rsyslogdプロセス」とエージェントは「stowergk またはすべて」であればページ取得してください。,http://origin1/projects/sjourneytoy-op/wiki/Linux%E3%82%B7%E3%82%B9%E3%83%86%E3%83%A0%E3%83%97%E3%83%AD%E3%82%BB%E3%82%B9%E9%9A%9C%E5%AE%B3,incorrect
sshdプロセス,障害状態,stowergk,識別子「sjourneytoy」の場合、モジュールは「sshdプロセス」とエージェントは「stowergk またはすべて」であればページ取得してください。,http://origin1/projects/sjourneytoy-op/wiki/Linux%E3%82%B7%E3%82%B9%E3%83%86%E3%83%A0%E3%83%97%E3%83%AD%E3%82%BB%E3%82%B9%E9%9A%9C%E5%AE%B3,incorrect
ディスクinode使用率(/),障害状態,stowergk,識別子「sjourneytoy」の場合、モジュールは「ディスクinode使用率(/)」とエージェントは「stowergk またはすべて」であればページ取得してください。,http://origin1/projects/sjourneytoy-op/wiki/Linux_i-node%E4%BD%BF%E7%94%A8%E7%8E%87%E9%9A%9C%E5%AE%B3,incorrect
ディスク使用率(/),障害状態,stowergk,識別子「sjourneytoy」の場合、モジュールは「ディスク使用率(/)」とエージェントは「stowergk またはすべて」であればページ取得してください。,http://origin1/projects/sjourneytoy-op/wiki/Linux%E3%83%87%E3%82%A3%E3%82%B9%E3%82%AF%E4%BD%BF%E7%94%A8%E7%8E%87%E9%9A%9C%E5%AE%B3,incorrect
ds_amプロセス,障害状態,stowergk,識別子「sjourneytoy」の場合、モジュールは「ds_amプロセス」とエージェントは「stowergk またはすべて」であればページ取得してください。,http://origin1/projects/sjourneytoy-op/wiki/DeepSecurity%E3%82%A8%E3%83%BC%E3%82%B8%E3%82%A7%E3%83%B3%E3%83%88%E3%83%97%E3%83%AD%E3%82%BB%E3%82%B9%E9%9A%9C%E5%AE%B3,incorrect
